:020000040800F2
:10000000801F0024C143000803A80008AD43000876
:10001000AD430008AD430008AD43000800000000F8
:10002000000000000000000000000000094400087B
:10003000AD43000800000000FD450008B95D000860
:100040007946000879460008794600087946000894
:100050007946000879460008794600087946000884
:100060007946000879460008794600087946000874
:100070007946000879460008794600087946000864
:100080007946000879460008794600087946000854
:100090007946000879460008794600087946000844
:1000A0007946000879460008794600087946000834
:1000B0007946000879460008794600087946000824
:1000C0007946000879460008794600087946000814
:1000D0007946000879460008794600087946000804
:0400E0007946000855
:1000E8007BB972B90029BEBF00204FF0004106E07D
:1000F80008BF00281CBF6FF000414FF0FF3000F030
:1001080057B8ADF1080C6DE904CE002909DB002BC6
:100118001ADB00F069F8DDF804E0DDE9022304B039
:100128007047404261EB4101002B1BDB00F05CF89B
:10013800DDF804E0DDE9022304B0404261EB41014F
:10014800524263EB43037047524263EB430300F0B0
:100158004BF8DDF804E0DDE9022304B0404261EB2E
:1001680041017047524263EB430300F03DF8DDF86C
:1001780004E0DDE9022304B0524263EB4303704715
:1001880053B94AB9002908BF00281CBF4FF0FF31F6
:100198004FF0FF3000F00CB8ADF1080C6DE904CE5B
:1001A80000F022F8DDF804E0DDE9022304B070472E
:1001B800704700BF10F8012B11F8013B012A28BF36
:1001C8009A42F7D0D01A7047034611F8012B03F86A
:1001D800012B002AF9D17047034613F8012B002A96
:1001E800FBD1181A013870472DE9F0478C468E4626
:1001F800089E154604461946002B40F0D0807245EB
:1002080047D9B2FA82F74FB1C7F120030EFA07FCBB
:1002180020FA03F3BD4043EA0C0CBC404FEA154EEC
:10022800A8B2BCFBFEF8230C0EFB18CC08FB00F9A7
:1002380043EA0C43994528D9EB1808F1FF3204D258
:10024800994502D9A8F102022B44A3EB0903A4B2F1
:10025800B3FBFEFC0EFB1C330CFB00F044EA03442A
:10026800A04214D92C190CF1FF3304D2A04202D9B0
:10027800ACF102032C44241A43EA02401EB1FC40AC
:10028800002334607360BDE8F0874246DDE76346CB
:10029800F1E7002A79D0B2FA82F3002B3FD0194651
:1002A800C1F1200302FA01F52EFA03F20EFA01FE5B
:1002B80020FA03F343EA0E034FEA154E00FA01F45D
:1002C800B2FBFEFCAFB20EFB1C201A0C0CFB07F8AD
:1002D80042EA004290455AD9AA180CF1FF3004D2DC
:1002E800904502D9ACF102002A44A2EB08029BB265
:1002F800B2FBFEFC0EFB1C220CFB07F743EA024391
:100308009F4246D9EB180CF1FF3204D29F4202D922
:10031800ACF102022B44DB1B42EA004202E0AEEBE6
:10032800020301224FEA154EAFB2B3FBFEFC200CCC
:100338000EFB1C330CFB07F840EA034398452AD907
:10034800EB180CF1FF3004D2984502D9ACF1020049
:100358002B44A3EB0803A4B2B3FBFEFC0EFB1C3337
:100368000CFB07F744EA0344A74216D92C190CF1F1
:10037800FF3304D2A74202D9ACF102032C44E41B98
:1003880043EA00400F46114678E71F2188E7604698
:10039800ABE76246BFE76046DBE76346EFE77345D6
:1003A80006D916B9002108466DE7C6E9000EF9E737
:1003B800B3FA83F787B9734501D3824207D8841A01
:1003C8006EEB030301209C461EB900215BE738460B
:1003D800FAE7C6E9004CF8E7C7F1200CBB4022FA5F
:1003E8000CF51D4320FA0CF12EFA0CF30EFA07FE59
:1003F80041EA0E014FEA154900FA07F4B3FBF9F890
:100408001FFA85FE09FB18300B0C08FB0EFA43EAAD
:1004180000439A4502FA07F240D9EB1808F1FF3079
:1004280004D29A4502D9A8F102002B44A3EB0A038F
:1004380089B2B3FBF9F809FB183308FB0EFE41EA51
:1004480003418E452CD9691808F1FF3304D28E4533
:1004580002D9A8F10203294443EA0040A0FB02980C
:10046800A1EB0E014145CE46434602D306D14C4589
:1004780004D2B9EB020E68EB05030138002EA4D0B4
:10048800B4EB0E0261EB030101FA0CFC22FA07F34C
:100498004CEA0303F940C6E9003196E74046C5E750
:1004A8004346D9E7000000002DE9F047044688B02C
:1004B800884617460AF075FE0A220023FFF760FEF9
:1004C800B8F1010F06460D4607D102460B462046F5
:1004D800274909F01FFB002011E07F6825483946AD
:1004E800FFF768FE70B139462348FFF763FE48B14D
:1004F80020463A46214909F029FB6FF0040008B06C
:10050800BDE8F0873046294617A3D3E90023FFF753
:10051800E7FD06460D4610461946194A0023FFF71F
:10052800DFFD80460F46104619464EF6602200232E
:10053800FFF7D6FD82468946104619464FF47A726F
:100548000023FFF7CDFDCDE902A9CDE90623CDE9CA
:10055800040132462B460B492046CDE9008709F0B5
:10056800D9FAB8E7AFF30080005C26050000000068
:10057800C3CA0008D4CA0008D7CA0008E0CA0008DD
:1005880080EE3600F8CA000812F0FC6F13462DE919
:10059800F041D0E9014706690ED044494FF47D7314
:1005A800434A444809F0ECF8434809F0E9F84FF4A5
:1005B8007D713F4809F0DBF802F03002302A0CD197
:1005C8003E4940F2F7333A4A3A4809F0D9F83C48EC
:1005D80009F0D6F840F2F731EBE73A4A3A4D1A40BB
:1005E800AA420CD1394940F2FB33314A314809F06B
:1005F800C7F8374809F0C4F840F2FB31D9E703F0EF
:100608000602042A09D1334940F2FE33284A294810
:1006180009F0B6F840F2FE31CBE713F440221ED0C1
:100628009D030CD42C4940F20143214A214809F08A
:10063800A7F82A4809F0A4F840F20141B9E7B2F551
:10064800402F0CD1264940F20543194A194809F0B0
:1006580097F8244809F094F840F20541A9E7DD022B
:1006680005D522B143F3000202F44022534001258C
:10067800246823F480128D4025420CD11A4940F297
:1006880011430B4A0B4809F07BF8184809F078F831
:1006980040F211418DE73468DB074CBF2C43AC4373
:1006A80034603B68BDE8F041184700BF0FC200083E
:1006B800DEC100087EC200089BC20008BFC2000855
:1006C800F8C20008020003000200010035C3000858
:1006D80082C30008D1C3000804C4000853C400083A
:1006E8008EC40008DBC4000807C5000845C500081B
:1006F800012310B503FA01F143681B6819420ED1B2
:10070800094940F2CB63094A094809F039F8094810
:1007180009F036F840F2CB61044809F028F88368FC
:10072800BDE810405B69184707C50008DEC100082E
:100738007EC2000845C5000808B51A480AF06DFCD5
:1007480020B9194809F006F8002008BD15480AF034
:1007580064FC0028F5D00B214FF4B0121148FFF7C4
:1007680013FF011E03DA114808F0F4FFECE7022139
:100778004FF4D0120B48FFF707FF011E01DA0C48AF
:10078800F2E70C4808F0E6FF0B210648FFF7B0FF38
:1007980002210448FFF7ACFF002141F2883007F03E
:1007A80073F9F1E7E8B5000857C5000871C50008F6
:1007B80094C50008B8C50008B2F5802F2DE9F843A4
:1007C8000ED33E494FF437733D4A3E4808F0D8FFF0
:1007D8003D4808F0D5FF4FF43771394808F0C7FF96
:1007E800042A0CD8394940F2E323354A354808F041
:1007F800C7FF374808F0C4FF40F2E321EDE7043AA9
:10080800CD1D114425F0070521F00706A6EB0508C4
:10081800B8F1170F4FEAD8070CD82E494FF43B739D
:10082800274A284808F0ACFF294808F0A9FF4FF4E8
:100838003B71D2E7B7FA87F44FF000090560C4F1BD
:100848002002C4F12404AF60A400C5F80C9007345A
:10085800E408631CBB420CD91F4940F20233184A12
:10086800184808F08DFF1A4808F08AFF40F2023154
:10087800B3E74946920005F110000AF02AFDA5F8F1
:100888000090A2B205EBC401530043F001036B8052
:100898003B1B9BB258004880214625F83420284647
:1008A800A6F8029025F8083005EBC7035A8842F0ED
:1008B80001025A80BDE8F84308F0E8BD55C60008B3
:1008C800FAC500087EC200086BC6000882C6000888
:1008D800A3C60008BCC60008E5C6000808B558B994
:1008E800094940F27D130948094A08F049FF40F2D6
:1008F8007D11074808F03BFF8068064B98428CBF83
:100908000020012008BD00BF41C700087EC20008C2
:1009180010C70008FFC99A3BF8B50D46044610B148
:10092800FFF7DCFF58B9254940F2B913244A254896
:1009380008F026FF40F2B911214808F018FF1DB150
:100948002846FFF7CBFF48B91F494FF4DD731C4A0F
:100958001C4808F015FF4FF4DD71EDE7D4E90032CB
:10096800D5E90001002A18DA002908DA5F424FF0B9
:10097800004666EB0206B84271EB06061CDB1B1844
:10098800204642EB0102C4E90032A368AA68134476
:10099800A360BDE8F84000F017BA53EA0206EED0AB
:1009A800012871F10006EADBDE4386426FF000465B
:1009B800A6EB02068E41E1E70020F8BD53C7000808
:1009C80010C700087EC200087EC7000838B5044674
:1009D80040B926496A23264A264808F0D1FE6A21EA
:1009E800234816E0EFF31185102383F31288BFF331
:1009F8006F8F214807F052FB68B984231F4A2049AA
:100A08001C4808F0BDFE1C491E4808F0B9FE8421A8
:100A18001A4808F0ACFE184807F064FB1A4B0FCBD5
:100A280084E80F00144807F047FB68B94FF499733E
:100A3800124A16490F4808F0A3FE0F49144808F057
:100A48009FFE4FF49971E3E785F31188BFF36F8F29
:100A58002046FFF743FF38B90E497023044A05487A
:100A680008F08EFE7021BBE738BD00BFCBC7000879
:100A7800A9C700087EC20008C8040024DDC7000812
:100A88000AC800081FC80008E800002435C8000884
:100A98004CC8000861C8000801281FB50C4605D0DD
:100AA800042829D06FF0150004B010BD0AF079FBB6
:100AB80042F210720023FFF763FB174B5A43C4E955
:100AC8000001A2606846FFF781FF69462046FFF7EC
:100AD80023FF18B9114B0FCB84E80F002046FFF70E
:100AE800FDFEB0B90E4963230E480F4A08F048FED0
:100AF80063210D4808F03BFE0AF053FB42F21072E6
:100B08000023FFF73DFB044B5A43C4E90001A260F0
:100B1800E4E70020C8E700BFA086010050BA00083B
:100B280077C800087EC20008A9C7000801287FB559
:100B38000D4654D10846FFF7D1FE00284FD00AF0E1
:100B480030FB42F210720023FFF71AFB4042254B9C
:100B580061EB41015343CDE900016846029300F07F
:100B680033F929466846FFF7D7FEEFF311861023BD
:100B780083F31288BFF36F8F1B4807F08FFA68B9A9
:100B880084231A4A1A491B4808F0FAFD16491A48DC
:100B980008F0F6FD8421154808F0E9FD124807F031
:100BA800A1FA164D9DE80F0085E80F000E4807F0E2
:100BB80083FA68B94FF499730C4A11490D4808F043
:100BC800DFFD09490F4808F0DBFD4FF49971E2E7B2
:100BD80086F31188BFF36F8F002004B070BD6FF0EB
:100BE8001500FAE76079FEFFC8040024DDC7000895
:100BF8000AC800087EC200081FC80008E8000024D0
:100C080035C800084CC80008014B1B68184700BFCE
:100C180000000024014B1860704700BF000000244A
:100C280030B5044685B00D461022002168460AF00A
:100C380050FB02232A4621468DF802306846034BB2
:100C4800019308F09DF905B030BD00BF110C0008F4
:100C580080B505460E461746984606F0A1FFDFF810
:100C680044900346424603F015FD394649F80030E2
:100C780004463046A8470C4B1B7873B90B4940F221
:100C880046330B4A0B4808F07BFD0B4808F078FD0B
:100C980040F24631064808F06AFD54F8090003F0AE
:100CA80093FC00BF080000006C090024B8C80008C5
:100CB8008DC800087EC20008CBC800082DE9F8439B
:100CC80040F26C73446905690646E117E41805F1BA
:100CD8000105C76841F10001022D07F1FF378CBFFC
:100CE80000230123E41A61F1000100294EDA6FF4B0
:100CF800C7704FF4C8720023201861F10001FFF794
:100D0800EFF9254B4FF03C0E032D03FB0044024640
:100D180034BF09206FF00200D6E90083B6680544A5
:100D28004FEAE37C99469920634645430520C6FB74
:100D38000E93A9FB0EC602350EFB0366A30840F20C
:100D48006D1E1CEB080C0EFB043346EBE8763B44A7
:100D58006427B4FBF7F4B5FBF0F51B1B0F4C2B44D1
:100D6800A2FB042004FB010198180D4A41F100037D
:100D780080180C4A63F10003A0FB020102FB031177
:100D880010EB0C0041EB0601BDE8F8834FF4C87284
:100D980000232046B3E700BF70FEFFFFB13A020010
:100DA8009405F5FF8051010010B5FFF787FF002477
:100DB80002460B46034903F06DFC445010461946A1
:100DC80010BD00BF0C000000F8B548B92749C92379
:100DD800274A284808F0D4FCC921254808F0C7FC50
:100DE8008268254EB24217DD244CD0E9003792FBC9
:100DF800F4F4012B4FEAE47177F100051EDA1B19B0
:100E08001F4D41EB070105FB0422B2428260C0E995
:100E1800003122D80120F8BD002AFBDAB41A174F96
:100E2800D0E90031B4FBF7F4002910DA01F10045EC
:100E3800A34275F100050ADA0020ECE7DD43A5427C
:100E48006FF00045A5EB07058D41D8DAF4E71B1BC9
:100E580007FB042261F10001D7E70A49F023044A9D
:100E6800044808F08DFCF021B7E700BF41C700082F
:100E7800EDC800087EC20008FFC99A3B00CA9A3B29
:100E8800003665C477C8000808B500F0B7F80A4905
:100E980001220023416109490361C0E900220A6077
:100EA80007490A60074A1360074A1360074AC0E9FE
:100EB8000233136008BD00BF0DEB000820000024BA
:100EC8001C000024D4040024D0040024CC040024F2
:100ED8002DE9F04781468846174600F08FF8C36829
:100EE80004461BB943691A78002A3ED10023E360FF
:100EF80063684B4558F8232008DB314B6361204673
:100F080000F060F84FF0FF30BDE8F087511C6161D8
:100F180092F800A0BAF12D0FEFD1951C65615678B3
:100F28002D2EA66004D1927872B901336360E4E78C
:100F380056B9234D5146384665610AF0E2F9002852
:100F4800DDD05646C4F808A0314638460AF0D9F92B
:100F58003A2E00D070B92B7813B9636801336360F7
:100F6800204600F02FF83F20CEE75D1C45611E7833
:100F78008660E9E743783A2B0BD0002323612B786E
:100F880013B9636801336360204600F01BF8A0685A
:100F9800BAE72B780A4A33B9636801339945636025
:100FA80004DD58F82350C4E90452EAE76261204698
:100FB8003D783A2DD5D100F005F82846A4E700BFC2
:100FC8000DEB00080168084A084B11604168084A9F
:100FD80011608168074A1160074AC1681160026997
:100FE8001A6004F039B800BF20000024CC040024A3
:100FF8001C000024D4040024D004002400487047B6
:10100800040000242DE9F34106460F4615464FF02B
:1010180000082A4601A9304608F0D7FB044640B12B
:10102800024639460198A0440AF02CF92D1B2744A2
:10103800EFD14246311D304608F0E5FB48B107497B
:1010480048230748074A08F09BFB4821054808F051
:101058008EFB404602B0BDE8F08100BF40C90008E1
:101068007EC2000815C900082DE9F34107460E465F
:1010780015464FF000082A4601A9384608F0B4FB87
:10108800044648B12EB102463046264401990AF07A
:10109800F9F82D1BA044EED1424607F10A01384663
:1010A80008F0B1FB48B1074963230748074A08F02D
:1010B80067FB6321054808F05AFB404602B0BDE8CB
:1010C800F08100BF40C900087EC2000815C90008A9
:1010D800054B00205A6822F002025A605A6822F032
:1010E80001025A60704700BF0010005C08B54168F3
:1010F80005480C3183681B681BB1984700EAE0700B
:1011080008BD6FF05700F9E728B50008192810B591
:1011180002D90024204610BD044B53F82040204635
:1011280009F07BFF0028F5D1F3E700BF14BC0008E5
:1011380008B503F0E3FA03F0B3FA0C4B0C4A1A6053
:101148000C4AD36823F03F0343F00403D3600A4BEF
:101158001A6841F20303B3EB124F06D1074AD2F8DB
:10116800083143F00103C2F8083108BD68000024C3
:101178000090D003004802580010005C0080005125
:10118800014B036002207047A8BC000810B5044654
:1011980004F044FF03490246204608F0BBFC002047
:1011A80010BD00BF6ECA000837B5134600220546B9
:1011B8000A21019201AA586802F046F8019C4CB92C
:1011C80020EAE0700A21A0FB010106F05DFC204640
:1011D80003B030BD22460349284608F0B7FC019CFD
:1011E800F5E700BF9ACA0008034A044908B508F0A1
:1011F80091FC002008BD00BF8ACB000890CB0008F6
:10120800002307B50090694604488DF8043009F0BA
:10121800A7FF9DF8040003B05DF804FBE9980008F7
:1012280070B5044607F04CFA064604F0A5FE0546DC
:10123800304607F06FFA2A462046064908F06AFC4D
:101248002046054908F066FC2146044809F08BFF52
:10125800002070BDD2CB0008F1CB0008691200084D
:1012680070B58EB004460D46D0F8A06009F007FFAF
:1012780003462B4A127872B92A4940F246332A4A61
:101288002A4808F07DFA2A4808F07AFA40F24631EE
:10129800254808F06CFA274A03F0FCF91158264A49
:1012A8002648002B08BF1346254A00938C4218BFD6
:1012B800024623462846234908F02CFC28462249A2
:1012C800D4E90A23CDE9002394F90E30A28908F065
:1012D80021FC06A92022204605F0DAFBA36E02466F
:1012E8001A49284608F016FC05A9204609F0D5FE3B
:1012F800024628B11649284608F00CFC0EB070BD0D
:10130800059B64222846F11A4A4300911149B2FB11
:10131800F6F2CDE90162324608F0FCFBEEE700BFC9
:101328006C090024B8C800088DC800087EC20008EF
:10133800CBC8000808000000FBCB0008E9D700086C
:10134800A3F20008FECB00080ACC000836CC00083F
:101358004DCC00087ACC000870B590B00546202224
:10136800002108AE304609F0B4FF1A222021304689
:1013780009F0AFFF2946164809F0F5FE07AA4FF411
:101388000061144809F07DFE044648B11249502313
:101398001248134A08F0F4F95021114808F0E7F907
:1013A800079A64230096C2F500614B43DB0A059354
:1013B8004FF40063CDE90313CDE90132094903462F
:1013C800094A284608F0A6FB204610B070BD00BFA9
:1013D800F51300080012002440C900087EC2000866
:1013E800CBCC000812CD0008C011002470B504460B
:1013F80088B00D46D0F8A06007A909F04EFE024655
:1014080028B10F49284608F085FB08B070BD204672
:1014180009F035FE079B64220096F11A4A43B2FB95
:10142800F6F2CDE90131074B0749002818BF0346FA
:101438002846CDE90362224608F06CFBE5E700BFC9
:101448004DCC0008FBCB00085BCD000838B513462F
:10145800054610220021586807F0A0FC0446FFF753
:10146800CFFE38B922461749284608F06FFB6FF0BF
:10147800150038BD144B1B7873B9144940F2463334
:10148800134A144808F07CF9134808F079F940F237
:1014980046310F4808F06BF9104B03F0FBF81B5866
:1014A8009C4204D10E49284608F050FBDFE720464D
:1014B80005F02EFE284622460A4908F02BFB00209C
:1014C800D7E700BFBFCD00086C090024B8C80008E2
:1014D8008DC800087EC20008CBC8000808000000BC
:1014E800DACD000802CE000838B5134605461022AA
:1014F8000021586807F052FC0446FFF781FE38B90E
:1015080022461749284608F021FB6FF0150038BD20
:10151800144B1B7873B9144940F24633134A1448E4
:1015280008F02EF9134808F02BF940F246310F481D
:1015380008F01DF9104B03F0ADF81B589C4204D17C
:101548000E49284608F002FBDFE7204605F0E2FED8
:10155800284622460A4908F0DDFA0020D7E700BFEE
:10156800BFCD00086C090024B8C800088DC8000861
:101578007EC20008CBC800080800000041CE000861
:1015880067CE000838B51346054610220021586872
:1015980007F004FC0446FFF733FE38B92246174922
:1015A800284608F0D3FA6FF0150038BD144B1B78A5
:1015B80073B9144940F24633134A144808F0E0F866
:1015C800134808F0DDF840F246310F4808F0CFF82C
:1015D800104B03F05FF81B589C4204D10E49284673
:1015E80008F0B4FADFE7204602F0EEFF284622466C
:1015F8000A4908F08FFA0020D7E700BFBFCD0008DE
:101608006C090024B8C800088DC800087EC200080C
:10161800CBC8000808000000A2CE0008C7CE00080A
:1016280010B50C46002108F0FAFC00B10068002350
:10163800024A2060E360C4E9012310BDE7CF000837
:1016480010B50C46002108F0EEFC00B1006800233C
:10165800024A2060E360C4E9012310BDE7CF000817
:1016680070B505465068144608F0E1FC064640B9D6
:1016780062686FF012040F49284608F067FA20469E
:1016880070BD09F0CAFC30B162680B4928460024D5
:1016980008F032FAF3E7304609F0B6FC626804460F
:1016A80028B103460549284608F050FAE7E70449F7
:1016B800ECE700BFFFCE000814CF000836CF0008C3
:1016C80063CF00082DE9F04F8FB004468846914655
:1016D80001A804F0D7FD019F2D4A082107EB401708
:1016E800204608F0FCF9019EBE4203D300200FB04B
:1016F800BDE8F08F35680DB12B7833B902AD3346AC
:10170800244A302102A807F0ABFAB8F1020F07D13A
:10171800D9F80410284609F032FE08B92036E3E764
:101728002B461D4A0821204608F0D9F9304609F011
:1017380074FC1A4A1A4B0821002808BF1346194A94
:10174800204608F0CCF9F369002BE7D01D68002D7E
:10175800E4D02B68002BE1D0AB464FF0000A124AC8
:101768000821204608F0BBF92B68534505D80F4AD5
:101778000821204608F0B3F9D0E75BF8043F0821B8
:101788000B4A20460AF1010A08F0A9F9ECE700BF64
:1017980096CF0008A0CF0008A5CF00088DCF00087D
:1017A80087CF00080DCF0008AACF00080CEB00086F
:1017B800A6CF0008F7B5137806460F4615463A2B0C
:1017C80014D1541C23783A2B28D101340A2201A9B8
:1017D800204607F06FFA019A03463860A24217D0F4
:1017E8001078A8B93C2B15D915490EE00A2201A991
:1017F800284607F05FFA019CB860AC4208D023780D
:101808003A2B05D1172807D90E49304608F09EF91A
:101818006FF0150003B0F0BD0134D3E70A2201A927
:10182800204607F047FA019B7860A342F0D01A7867
:101838003A2AEDD13B2801D90349E6E75C1CC5E704
:101848004FD0000831D000083FD000082DE9F04102
:1018580094B00D460446012006A91746FFF71CF967
:101868000BA906A807F04EF9032D55D17D680A2269
:1018780005A9284607F01EFA059E8046B54215D0F0
:1018880032782D2A12D101360A2205A9304607F0EE
:1018980011FA059B9E4209D01A782D2A06D1451EB9
:1018A8000B2D0CD92E49204608F050F9204608F097
:1018B8005BF96FF01505284614B0BDE8F0815E1C91
:1018C8000A2205A9304607F0F5F9059B9E42EDD09E
:1018D8001B78002BEAD1431E1E2B01D92149E2E7D0
:1018E800A8F26C73BA680E90CDE90F530BA9204685
:1018F800FFF760FF0028D9D10BA8FFF755FAB1F11F
:10190800FF3F08BFB0F1FF3FCDE9060108D11649F6
:10191800204608F01BF9CCE7022DC7D17A68E5E725
:1019280000230893012006A9FFF700F9054628B10E
:1019380002460E49204608F009F9BAE70B9B2046F3
:10194800109A03930C9B02F26C72094902930D9B47
:1019580001930E9B00930F9B013308F0DBF8AAE775
:101968005FD000086ED000087BD00008A4D0000823
:10197800BBD0000810B592B00446012004A9FFF7B7
:101988008BF809A904A807F0BDF8099B0E9A204610
:1019980003930A9B02F26C72064902930B9B019314
:1019A8000C9B00930D9B013308F0B4F8002012B093
:1019B80010BD00BFBBD000082DE9F0411446884691
:1019C800074610220021606807F0E8F9B8F1020F15
:1019D80006461CD90A220021A06807F0DFF9C5B223
:1019E8002A461F49384608F095F8B8F1030F1DD864
:1019F800102D0ED0202D0FD0082D0FD13278D2B255
:101A080000231849384608F085F800200CE0202506
:101A1800E6E7328892B2F3E73268F1E738461249CE
:101A280008F078F86FF01500BDE8F0811022E06842
:101A3800002107F019FA0B46024604460B493846BE
:101A480008F068F8102D06D0202D07D0082DE5D114
:101A5800E4B23470D9E7A4B23480D6E73460D4E76E
:101A68000AD1000835D100081FD1000848D1000864
:101A78002DE9F047002386B04FF0FF3591460193DA
:101A88000122524B20262C46074688461A60FFF74B
:101A9800FBF94F4A49464046FFF71AFA431C06D15C
:101AA800691C41D14B49384608F050F817E07328B3
:101AB8001AD0772828D0612811D1DFF81CA101AAF3
:101AC8001021DAF8000001F0BFFB019B0546002B4E
:101AD800DFD0DAF800204149384608F037F86FF0CF
:101AE800150006B0BDE8F087DFF8ECA001AA0021D8
:101AF800DAF8000001F0A8FB019B0446002BC8D0CF
:101B0800DAF800203649E7E7DFF8CCA001AA00217F
:101B1800DAF8000001F098FB019B0646002BB8D0CC
:101B2800DAF800202F49D7E7621C01D12E49BAE71D
:101B38005FFA86F8C6F3C406A8F10803DBB2182BCF
:101B480004D82A4A22FA03F3DB0724D44246284958
:101B5800384607F0DFFFC2E7B8F1100F22D0B8F11E
:101B6800200F25D0B8F1080F01D10A781A70314436
:101B780033444218102AEFD9102CA146294605F102
:101B8800100528BF4FF0100902AA3846A4EB090433
:101B98004B4601F0A1F9B4B1A642EDD802AB2946F3
:101BA800701BE6E70A8892B21A70120A5A70DEE7CA
:101BB8000A68C2F3072C1A70120C83F801C09A70D5
:101BC800120ADA70D3E720468BE700BF1C00002416
:101BD80098D100089FD10008CC0400245ED10008E9
:101BE80071D1000884D10008BCD1000801010001AE
:101BF800D6D1000870B50E4E04460D46337829B18B
:101C080023B10C49BDE8704007F0A0BF83F0010381
:101C180033702BB10849204607F07CFF012333704D
:101C2800294620460022BDE8704001F08DBA00BF69
:101C380048090024F0D100082BD200082DE9F04112
:101C480005460C468F18DFF8EC803B4EA74201D1C1
:101C5800BDE8F08198F8002014F8013B182A22D139
:101C6800112B20D1354C002635492846226888F8A2
:101C7800006007F04FFF28463146FFF7BBFF314BA6
:101C880018780028E4D1304A23681168042B2EDC28
:101C980008B12360116013F003012FD11268136893
:101CA8001BBA1360D4E7A3F1300288F80030092A80
:101CB80004D923F02002413A052A04D83168234A7E
:101CC8005354013131603368022BBFD110220021F7
:101CD8001E4807F063F81E4A136803F8010B1360E7
:101CE800164A13680133136000233360AEE70868AF
:101CF800043B00BA41F8040B0120C7E75B4203F03C
:101D0800030358BF5942022904D1126813885BBAE9
:101D18009BB2C6E703299BD1106802681104C2F37D
:101D2800074302F47F4201F47F010B43134303602E
:101D38008EE700BF49090024880500248C0500248B
:101D480055D200084A090024900500244B090024B4
:101D5800940500242DE9F84300230D4626498046C2
:101D6800264E17460B60264933700B60012DB94685
:101D780057F8044F1DD902222249204609F0CEFA0D
:101D880070B9A378003B18BF01231C4402221E49E6
:101D9800204609F0C3FA28B901233370013DE5E76D
:101DA8000023F2E717492046FEF704FAC0B909F103
:101DB80004090022D9F80400114606F0EFFF0022BA
:101DC800124B11461860D9F8040006F0E7FF104BD3
:101DD800104918604046FFF70DFF0020BDE8F88362
:101DE80023782D2BE5D16378002BE2D022460A49CF
:101DF800404607F08FFED1E7880500244A090024F1
:101E08008C0500246FD2000872D2000894050024C3
:101E180090050024451C000875D2000813B5094830
:101E280009F0FBF850B1002401233A22054906487D
:101E3800009401F0F1F8204602B010BD6FF01200D6
:101E4800FAE700BFE8B60008ECB8000810B5446827
:101E5800A360C4E9001242684021134653F8404B7E
:101E6800516302F1380153620023C2E904130821C7
:101E78001363C2F8B8301162C2E90A33C2E9063303
:101E8800A36823B19B6C13B1044920469847A36803
:101E98009B6A0BB120469847002010BDA91E000878
:101EA8002DE9F34705460C4683685B6C03B19847F8
:101EB800AB685B6B002B34D14FF0000804F12409A8
:101EC80004F1280A218E4846238D626B5B1A51461D
:101ED8009BB2D31A934228BF134601AA07F05DFCB0
:101EE800AB6807469B69002844D00199002B3CD079
:101EF8000246284698470646002818BF48F00108B9
:101F080032465146484607F07EFC002839D032490F
:101F18006F23324A324807F033FC6F212F4807F00D
:101F280026FC284698470028C6D1AB685B6A9BBB4D
:101F3800628B04F11007E38A04F11A0838469B1AE9
:101F4800226A41469BB2934228BF134601AA07F072
:101F580024FC064638BB284607F0C8FCC4F8B8601D
:101F68000120D4E9013198471AE06FF057064FF085
:101F78000108C5E743B101220DF10301284698473E
:101F880006460EB1BE429DD0B8F1000FCDD000205C
:101F9800D4E901319847C8E7284698470028C7D1AF
:101FA80002B0BDE8F087AB6801995B698BB1024666
:101FB8002846984702464146384607F024FC002840
:101FC800CED00549BB23054A054807F0D9FBBB21FC
:101FD800A4E76FF05702EEE740C90008DCD3000819
:101FE8007EC2000810B581680446183101F0BCFCB7
:101FF800A1682046024A1831BDE8104001F054BCDF
:1020080026D4000808B50B4B1B7873B90A4940F26F
:1020180046330A4A0A4807F0B3FB0A4807F0B0FB00
:1020280040F24631054807F0A2FB074B02F032FBAD
:10203800185808BD6C090024B8C800088DC80008E5
:102048007EC20008CBC800080800000038B5044666
:1020580058B91C4940F216531B4A1C4807F090FB1C
:1020680040F21651184807F082FB83680BB14068AC
:1020780048B9174940F21753134A144807F080FB30
:1020880040F21751EEE7D3F88032DB0517D4036826
:102098005B689847054620B9E06808F04CFBA368E0
:1020A8001D75A3685B6C13B1294620469847A36841
:1020B8000022C3F8A422FFF7A5FF02F085FA6FF00B
:1020C8000F05EEE75CD4000834D400087EC200088F
:1020D8005FD40008014907F08FBC00BF0CEB000873
:1020E8002DE9F04FA7B004465422002111A809F0A9
:1020F800F0F800232046CDE90533A3685C3302934A
:1021080008F0AFF8204607F0F3FF10B96069FFF751
:10211800E1FFA06814220021002618304FF0FF3894
:1021280009F0D7F8204607F040FFA168E068B246FA
:10213800B1F8542011AF5C31B3463546B14608F0CA
:10214800BFFA204608F020FB0396DDE90532012A94
:102158006BD0132B6CD8B8F1000F2AD1BBF1000F4C
:102168000AD0204608F031FBA268142311A95C327A
:102178000DEB030007F0B9FDB9F1000F0CD099F889
:102188001130FE2B08D1059B26AA02EB830252F8D8
:10219800542C0AB101330593A068436A002B40F020
:1021A800B580C6B1C369B3422BD000F118050D96AE
:1021B80022E00223029A394606A807F096FD7A68BB
:1021C80006990346029231B101290AD148B16A4AF7
:1021D800204601F08FF96FF00705284627B0BDE8C3
:1021E800F08F059B002B32D0386801F0EDFB98B1D9
:1021F80066B1A5680D9618350CAE0FCE0FC53368BD
:102208002B6020460125FFF7EDFEE6E75B4A01213A
:10221800204601F06FF9DEE7059BC3B13A6829460D
:10222800204601F083FD022809D1059B132B95D97F
:10223800069B022B92D1524B0121524AC8E7032830
:1022480005D0059B4FF0010B013305937DE7039BF8
:102258002BB907AA3968484607F01DFE054604371A
:1022680008F1FF38A5B3EB68BBF1000F08D0FBB14C
:10227800204607F0F6FF204607F051FF424AC6E71E
:10228800B3B1A368AE46DDF814A003F1180CBEE89C
:102298000F00ACE80F00DEF80030CCF80030AB6877
:1022A80033B96B7CFE2B04BF95F8108008F1FF381A
:1022B800D5F804C0BCF1000F08D0AE460CAEBEE89D
:1022C8000F000FC6DEF8003033606646A94603E00B
:1022D800059B63B101230393B8F1000F03D1069B5B
:1022E800022B7FF432AF059B013305932DE7A368DA
:1022F800DB6A13B1DB68002BECD1244B0121244AA3
:1023080020460093119B01F0F5F8E3E7059D90F84E
:102318002830A5EB0A05BBB190F829104FF6FF72DB
:10232800FF2918BF0A469D4202D313449D420BD988
:1023380083690121174A204601F0DCF820466FF036
:102348001505FFF74FFE48E7012107F074FBA06869
:1023580007F065FBA36811AA29465B6A204602EBD1
:102368008A0298470546A06807F05DFB0021A0682F
:1023780007F061FB31E700BF74D4000888D4000877
:10238800E9D40008F4CA0008A6D40008D5D4000887
:1023980086D900080DD50008F7B5044680680D46B3
:1023A800817D002949D1D0F880325A0504D507F03B
:1023B8004DFBE06808F056F9E368DB6873B9002D57
:1023C8003BD0A66806F15C07384607F022FB0028D8
:1023D80035D0394606F5AE70FDF7F6FEA2680DF168
:1023E80006032946E0685C3208F03FF958B9A0684E
:1023F80000F5AE715C30FDF7E7FEA0685C3007F0D1
:1024080008FBADF80600204607F024FFA368D3F8C0
:102418007C329B0603D50B49606907F0EDFA20462C
:1024280000F078FFA268BDF806302046A2F85630C2
:10243800A268A2F8543007F072FE03B0F0BD86F827
:102448005C01CBE778BA000810B50222836804461D
:102458001A7583689B6CBBB907F0A5FA8368D3F833
:102468008032DB040BD50321084B094A01F042F8FE
:10247800A0686FF4805100F5207007F0AEFA20468E
:10248800BDE8104001F0A6B910BD00BF28D500086E
:10249800A7CF00082DE9F04F0023B1B004460993F7
:1024A800A36860689E6C026815691EB3DF6C102211
:1024B80009AB1BA9A847099BCBB10121A06807F06C
:1024C800BAFAA06807F0ABFA3B46099A1BA920465E
:1024D800B047A06807F0A7FA0021A06807F0ABFA98
:1024E800A3689B6C002BDBD12046FFF7ADFF31B012
:1024F800BDE8F08F09AB01220DF12301A847099B24
:10250800002BF4D09DF923109DF823300029A268F0
:10251800C6DB517D032900F23A83DFE811F004009D
:10252800BB02D20238030D2B43D00A2B41D0B2F89C
:102538008012092B21F0FF01A2F880126DD028D853
:10254800002B00F0ED80082B00F01682A268D2F86C
:102558007C12890740F1E480013B162B00F2E080F1
:10256800DFE813F0FE0229023E022502F8025702B4
:10257800DE00DE00DE00DE005B025F02DE007402C9
:10258800DE007902DE00DE00DE00DE007B02DE0017
:1025980090021B2B3DD07F2B00F0FB81A3F1200282
:1025A8005E2AD3D80121A06807F050FA9DF82310BD
:1025B800EEE0D2F88012C9B221B1D2F88012C9B2C5
:1025C8008B42C3D1B2F8801263F30701A2F88012DC
:1025D800A568AB7D012B06D16069FFF77BFDA36879
:1025E80002229A7583E7B5F8541061B9284607F0B6
:1025F8002DFAE06808F036F86069FFF76BFD2046B1
:10260800FFF722FF4CE72046FFF76AFDC5F8A8024E
:10261800F5E7A36801225A7582E0A068D0F87C32F9
:102628009B077DD5012107F011FAA068857D002D53
:1026380076D1B0F85430FF2B72D0B0F8562000F1A4
:102648005C0100F5AE7008F01DFEA3681BA90BA87D
:10265800B3F85620134483F85C511423A26802F59A
:10266800AE7207F042FB0B99142959D830AB03EB33
:10267800810343F8545CA368B3F85620002A00F09D
:102688008882134493F85B30202B00F0868221B1B6
:10269800093B042B39D9012936D100250A9530AADE
:1026A8000A9B002602EB8303B346374653F854AC23
:1026B800B046504607F0ADF9814616AA414628466D
:1026C80000F074FD034600282ED1012E75D130AAE2
:1026D8000A9B02EB830353F8540C07F09AF9A2689B
:1026E800064639461832284600F060FD002833D1E6
:1026F800B3494FF4BA73B34AB34807F041F84FF4FB
:10270800BA71B04807F033F8013900200CAB1BAAA6
:1027180000930AAB019007F0EAFB05460028BED1FA
:10272800606907F03BFABBE61B684A465146184603
:10273800039308F0F3FD60B9039B1846FDF74CFDC1
:10274800584538BF5846002E08BF474601361FFA7D
:1027580080FB08F10108B0E70568284607F059F939
:10276800864205D0821BA919204692B207F020FEA6
:10277800A068B0F85630034493F85C30202B0BD097
:10278800093B042B08D9D0F87C32DF0709D4202173
:10279800204600F0E7FFC3E70121204607F0F3FCDD
:1027A800BEE7002107F05DF92021204600F0DAFF9E
:1027B8000121A06807F055F9B2E70490B0D930AB11
:1027C8000A9AB94603EB820252F8543C184603931E
:1027D80007F01FF9049BA2680690A2F840300496FF
:1027E800A26849462846183200F0E0FC48B9744906
:1027F80040F2BD13734A744806F0C2FF40F2BD119F
:102808007FE7039B09F10109D0F800A0D4F80880FC
:10281800FBB1BAF1000F1FD0069A1946504608F0CE
:102828007DFD0028DCD1694807F0F3F8B8F83A20B4
:1028380000EB0B01121A89B292FBF1F292B2002A54
:1028480034D1634998235F4A5F4806F099FF98217D
:1028580057E7BAF1000FE6D10023A8F84030049BEF
:10286800013B0493BCD1606907F10109FFF732FC11
:10287800204600F0AFFF30AA0A9B02EB830353F80F
:10288800540C07F0C6F83946804611AA284600F0CD
:102898008DFC0746002832D14E4940F2D913494AE7
:1028A800494806F06DFF40F2D9112AE750460792D1
:1028B800059107F0AEF80599079A091A8BB2B8F88E
:1028C8004010481C0593A8F84000B1FBF2F002FB49
:1028D800101189B261B93D4B06213F4A2046CDF817
:1028E80000A000F007FE0599204600F0FDFCB6E7C1
:1028F80053463A4A0621204600F0FCFDF3E7A0685B
:10290800FF22396800F5AE7008F01AFD3B684FF6F3
:10291800FF770393BA4616AA4946284609F1010BE0
:1029280000F044FCE0B1A1680022036801F25B11E9
:1029380011F801EF985C704503D110B1013252458E
:10294800F6D1B8F1000F01D0424507DBBA4206F1D3
:10295800FF36A8BF3A46012E97B201D0D946DAE72A
:10296800002F3FF4DDAEA7EB08020399204692B290
:10297800414407F01DFDD3E6A068D0F87C329E07DD
:102988007FF5CEAE012107F061F8204607F031FD52
:10299800C6E6A068D0F87C329D077FF5C1AE01215C
:1029A80007F054F8A368D3F87C321807EDD4204612
:1029B80007F000FDB4E6204607F05CFCB0E600BF77
:1029C8006CD5000834D400087EC20008E8D7000897
:1029D80081D5000894D500088ED50008A7CF000837
:1029E800204607F03EFC204607F082FB10B96069DC
:1029F800FFF770FB0121A06807F028F8A3689A7D0B
:102A0800012A02D103229A758AE62046FFF71CFDA7
:102A180086E6204607F037FC82E6204607F03EFCB3
:102A28007EE6D2F87C329F0603D55E49606906F0DF
:102A3800E3FFA368D3F87C329E0603D55A49606940
:102A480006F0DAFF204600F0C5FE69E600212046C0
:102A5800FFF7A2FC64E60121F9E7204607F0FAFB3C
:102A6800204606F0A0FF0121A06806F0EFFFA3684A
:102A7800D3F87C329D067FF553AE4C49606906F069
:102A8800BBFF4DE6204600F09BFD0121A06806F043
:102A9800DDFF45E65B2B02D10223537540E6D2F8F1
:102AA8007C22900706D5622B07D14FF0FF312046D4
:102AB80007F091FBA3680022ADE5662BFAD101214E
:102AC800F5E700215175A268D2F87C1289077FF5D5
:102AD800E7AC313B1B2B3FF623AE01A151F823F0A5
:102AE800652B0008712B0008852B0008592B00085E
:102AF800292700082927000829270008292700086E
:102B0800292700082927000829270008292700085D
:102B1800292700082927000829270008292700084D
:102B28005F2A0008552A00081B2A0008BF29000848
:102B3800292700085D2B000829270008692B0008B1
:102B4800292700082927000829270008752B0008CD
:102B580003235375204607F084FBE1E503235375EF
:102B6800204607F077FBDBE503235375A068D0F810
:102B78007C1201F0010181F001011BE6032353756A
:102B8800A368D3F87C329B077FF5CAAD0FE7002313
:102B980083E700297FF47FAD7FE500297FF4B5AD99
:102BA8007BE500BF7DBA000882BA000878BA000841
:102BB80010B5044658B9174940F2EA53164A17485F
:102BC80006F0DEFD40F2EA51134806F0D0FD8068B9
:102BD80048B9134940F2EB530F4A104806F0D0FDAC
:102BE80040F2EB51F0E74FF4807100F5207006F0E9
:102BF800E5FEA3681B7D022B02D12046FFF74AFCA5
:102C0800A0686FF4807100F52070BDE8104006F0F0
:102C1800E4BE00BF5CD4000834D400087EC20008BB
:102C28009AD5000810B5044658B91E4940F2AC536D
:102C38001D4A1E4806F0A4FD40F2AC511A4806F0A1
:102C480096FD806818B163680BB123684BB91849C1
:102C580040F2AD53144A154806F092FD40F2AD51CA
:102C6800ECE7037D012B1AD14FF4FA72002306F02A
:102C780023FF10B96FF00F0010BD0821204600F0A7
:102C8800FBFB204600F0C0FD6069FFF723FA2046F1
:102C9800FFF7DAFBA06806F0C2FE0020ECE76FF051
:102CA8008500E9E75CD4000834D400087EC2000837
:102CB800A2D50008F7B504468068154600F52070CF
:102CC800002932D04FF4804106F078FEA368002135
:102CD8001D65606803689B68984758BB2046FFF7E6
:102CE800A1FF38BB4FF0FF364FF0FF37A06800F563
:102CF800217000220721CDE9006708F0C0FAA0681A
:102D080006F091FE0C4A0421204606F0B9FE204642
:102D18000A4A012106F0B4FE606803685B6903B1E2
:102D28009847A06806F07BFEE0E76FF4804106F064
:102D380054FECBE703B0F0BD55200008B92B0008BE
:102D48002DE9F0410F4616469846044658B94849B9
:102D580040F21263474A484806F012FD40F21261F9
:102D6800444806F004FD08F084F960B1434940F294
:102D78001363404A404806F003FD414806F000FD51
:102D880040F21361ECE7A5684DB93E4940F214637F
:102D9800384A394806F0F4FC40F21461E0E7D5F807
:102DA80080321B050FD4FFF72DF9D5F8A4328342E2
:102DB80009D1354940F215632E4A2F4806F0E0FC48
:102DC80040F21561CCE763694BB9304940F21763AB
:102DD800284A294806F0D4FC40F21761C0E74EB9EA
:102DE8002B494FF4C363234A234806F0C9FC4FF428
:102DF800C361B5E72B7D022B07D005F520704FF492
:102E08008051BDE8F04106F0D9BD4FF4FA720023B5
:102E1800284606F051FE48B3A368D3F8802210056F
:102E280008D49A6C32B9D3F87C32990602D5204678
:102E380007F042FA434632463946204607F059FA27
:102E4800A368D3F88022120508D49A6C32B9D3F853
:102E58007C329B0602D5204600F0BCFC606906F077
:102E68009DFEA068BDE8F04106F0D9BDBDE8F0813F
:102E78005CD4000834D400087EC2000820D90008B9
:102E8800CDD500089AD50008E8D5000824D6000852
:102E980034D6000810B504460A4906F03BFE0A4934
:102EA800204606F037FE2046084906F033FE204645
:102EB800074906F02FFE2046064A002100F0F4FCE0
:102EC800002010BD38D6000876D60008D5D60008F0
:102ED80029D70008C4D70008F8B516461F46044687
:102EE80058B9264940F269632548264A06F048FC45
:102EF80040F26961234806F03AFC00250A46224957
:102F080006F008FEAF420ED9725D20461F4906F052
:102F180001FE0135102D0BD06A07F3D11C4920465C
:102F280006F0F8FDEEE71B49204606F0F3FDF0E752
:102F380000251949204606F0EDFDAF4213D9725D10
:102F480020461649A2F120035F2B28BF2E2206F047
:102F5800E1FD0135102D0BD06B07EED10C49204651
:102F680006F0D8FDE9E70A49204606F0D3FDF0E768
:102F780020460B49BDE8F84006F0CCBD5CD40008FB
:102F88007EC2000834D40008DAD70008E1D7000868
:102F9800E9D70008E7D70008EBD70008A6D800084B
:102FA800EDD7000870B50D46044658B9174940F2E8
:102FB800A4631748174A06F0E3FB40F2A4611548DA
:102FC80006F0D5FB99B1084606F023FD4FF4FA72D6
:102FD80006460023A06806F06FFD10B96FF00F00D9
:102FE80070BD731C142B05D9A06806F018FD6FF08E
:102FF8001500F5E72946A068FDF7E6F8A36883F809
:103008003C60A06806F00BFD0020E9E75CD40008EE
:103018007EC2000834D400082DE9F041884688B003
:1030280015461F46044658B9404940F27E53404A67
:10303800404806F0A5FB40F27E513D4806F097FB5C
:10304800806818B163680BB123684BB93A4940F2FC
:103058007F53374A374806F093FB40F27F51ECE73D
:10306800D0F8A462002E5ED1237C013B012B09D944
:10307800324940F2E3432E4A2E4806F081FB40F2E3
:10308800E341DAE74FF42B72314608F022F9A068E1
:1030980000F5217005F010FDA06800F525700122EB
:1030A80066F38205114607F0D8FFA3694FF4007153
:1030B8001E60A06800F5207006F080FCA36850220E
:1030C80020465A871822A3681A872168FFF76AFFE3
:1030D800A3681B4A4146C3F87C52606803681D68B0
:1030E8002346A8470546D0B9A36801221A75D4E932
:1030F80009010022002304950094CDE906230E233C
:103108004FF4006203930E9BCDE901730D4B03F05E
:10311800CFFDA368C3F8A402216A03F0A9FC2846DE
:1031280008B0BDE8F0816FF07705F8E75CD40008D7
:1031380034D400087EC20008A2D50008F0D70008E1
:10314800D39A0008BD2C000810B558B90A4940F2B6
:1031580032730A480A4A06F013FB40F232710848F3
:1031680006F005FB8468A1648368DA6419B9BDE8D0
:10317800104006F018BC10BD5CD400087EC20008E0
:1031880034D4000810B5044613460A4601460648DA
:1031980001F0ACFC23691B7923B12046BDE810403F
:1031A80006F0FCBC10BD00BFBD9B000838B50B463F
:1031B800154648B91B491C4A521AB3EB920F12D252
:1031C80051F82350284638BD5AB9184940F22913F6
:1031D8001748184A06F0D4FA40F22911154806F0A3
:1031E800C6FA84680CB90025ECE7134A94420AD35E
:1031F800124A944207D218462268294690472B68FB
:10320800002BDFD1EFE70E4A944202D30D4A9442D5
:1032180005D3246814225343E518E358F0E7013333
:10322800F8E700BF18B9000844B900088ED80008AC
:103238007EC2000860D8000848BA000850BA0008E2
:1032480044B9000848BA0008F7B50378044615469B
:103258002D2B05D16FF0150300202B6003B0F0BDB6
:1032680000230C4F01F016FA0646C3510A462046C1
:1032780001A905F093FDF359222B02D16FF0210328
:10328800EAE7002BE6D1019BA342E3D01B78002B91
:10329800E4D0DFE70C0000008368D3F87C329B069B
:1032A80003D50249406906F004BF704788BA000890
:1032B800014906F0FEBE00BF0CEB00080A1E0DDC3B
:1032C8000ED042238168D1F87C12890608D5002ADD
:1032D80004494069B8BF524206F0EBBE4123F1E70A
:1032E800704700BFA2D800080A1E0DDC0ED0442388
:1032F8008168D1F87C12890608D5002A04494069FA
:10330800B8BF524206F0D5BE4323F1E7704700BF6D
:10331800A2D800082DE9F0478468054604F15C004E
:10332800FCF75AFF002287B294F83C809146668FDA
:10333800A6EB0806BE4209DB002F21DD5C32686976
:1033480010492244BDE8F04706F0B3BE16445C328B
:103358000D49344494F85CA084F85C90AB686869C3
:103368001A4406F0A6FEAB683246334483F85CA0E4
:10337800AC68638FA3EB08034FF00008FF1AD6E789
:10338800BDE8F087A7CF0008F4CA00082DE9FF4779
:1033980088461446054608B1002957D131494FF4EB
:1033A800E273314A314806F0EBF94FF4E2712E48E6
:1033B80006F0DDF9039AA24209D92D4940F2CF134C
:1033C800294A2A4806F0DCF940F2CF11EFE7914488
:1033D800A41A002A40D1AB68197D03290ED002290E
:1033E80021D8082103F52170CDE9006707F047FFD0
:1033F800A86800F52170082107F03DFF686822469B
:1034080008EB09010368D3F80CA003ABD0470028E8
:10341800D0D018494FF4E773134A144806F0B0F9AE
:103428004FF4E771C3E7D3F880229205FBD503F583
:103438002073BFF35B8F53E8001F21F4007143E84A
:103448000012002AF7D1BFF35B8FD7E74FF00009CE
:103458004FF0FF364FF0FF37002CCFD104B0BDE856
:10346800F08700BFD5D80008A9D800087EC2000898
:10347800E0D8000840C9000808290A4617D8836818
:1034880093F83E10914212D083F83E20082A8368B0
:10349800D3F87C3205D0990609D50549406906F06C
:1034A80008BE9B0603D50349406906F002BE704773
:1034B800F2D800088DBA000838B50D4609780446D8
:1034C800FFF7DAFF6A78072A11D8A36893F83F1044
:1034D80091420CD083F83F20A368D3F87C329B0636
:1034E80005D560690249BDE8384006F0E2BD38BD3F
:1034F800FBD800080CB473B5069E0D46044658B9AF
:10350800274940F22D23274A274806F039F940F287
:103518002D21244806F02BF983684BB9234940F242
:103528002E23204A204806F02BF940F22E21F0E7FE
:1035380042694AB91E4940F22F231A4A1A4806F02E
:103548001FF940F22F21E4E74EB91A494FF40C73E2
:10355800144A154806F014F94FF40C71D9E7D3F85A
:1035680080329B040FD407F084FD60B1124940F209
:1035780031230C4A0C4806F003F9104806F000F90C
:1035880040F23121C5E707AB324629462046019370
:1035980006F0AFFE02B0BDE8704002B0704700BF51
:1035A8005CD40008A9D800087EC200089AD5000893
:1035B80024D6000834D6000804D90008CDD5000860
:1035C800F8B583680446B3F85420002A55D0B3F8F8
:1035D8005610002951D05B3103F15C050B441846A5
:1035E800A84206D3014611F80169202E3CD0A84212
:1035F8003CD286B2471C9DB2AB1B9BB2591CD21A57
:103608000144384607F04CFEA268711B2046B2F808
:10361800543013FA81F309B2A2F85430A368B3F80E
:1036280054201344002283F85C2006F0ACFDA36804
:10363800D3F87C329A0603D51049606906F039FD43
:103648003B460F4A08212046FFF754FF2046FFF764
:1036580023FEA368D3F87C329B060ED5606909491E
:10366800BDE8F84006F025BD0846B9E7014611F85F
:103678000169202EBDD00846B9E7F8BD92BA000806
:10368800A7CF000896BA00082DE9F04704460F4670
:1036980090460AB1FFF700FEA668D6F87C32B6F865
:1036A80056505B0723D505F15C003044FCF794FDC8
:1036B8000546B5B9A368B3F85420A3F85620A06806
:1036C80006F004FD30B1B8F1000F00D017B1606901
:1036D800FFF7EEFD7942204609B2BDE8F04706F053
:1036E80052BD1D49013D606906F0E3FCE1E7304643
:1036F800AA46FCF771FDB6F85490738F19FA80F951
:1037080015FA80F0B0FBF3F2B9FBF3F39A421AD042
:103718004845A368CEDA5A8F451CB0FBF2F302FB8A
:10372800130313B96069FFF7C3FDA3680AF1010623
:1037380020460A4A53440821B24693F85C30FFF702
:10374800D9FE2846E4E75C35054A08212046731966
:10375800FFF7D0FEAEE700BFA3F20008A6D8000826
:10376800A7CF000813B5836804468DF80710D3F86F
:103778007C22D00725D5B3F85610B3F854208A42D6
:103788001FD0481C9DF80720A3F856000B4483F867
:103798005C20A368D3F87C12890710D5D3F87C3253
:1037A800606913F0040F0A4918BF2A2206F081FC49
:1037B800204606F09DFC10B16069FFF779FD02B064
:1037C80010BD01220DF10701204606F0B7FDF6E70E
:1037D800A6D8000810B5836804469A7D1AB9094A24
:1037E8000221FFF787FEA368D3F87C329B0707D531
:1037F8002046FFF78FFD2046BDE8104006F09EBC2E
:1038080010BD00BFA7CF000870B5044692B058B9E4
:103818000E4940F23D230E480E4A05F0B1FF40F232
:103828003D210C4805F0A3FF00234FF47A7501935E
:103838006068402202A903681E6901ABB047019B7A
:1038480013B108B9013DF3D112B070BD5CD40008C2
:103858007EC20008A9D80008014906F0EFBD00BFE4
:103868000CEB0008F8B50F465168054616461C468D
:1038780011B11A4606F0EFFDB3688BB12146284610
:10388800FFF732FD074A08213B462846FFF732FE7C
:10389800B168E21D21B12846BDE8F84006F0DBBD5D
:1038A800F8BD00BF2FD900082DE9F0430E460021CE
:1038B80089B0044617460D4603AA304601F10108AF
:1038C800FFF774FC88B96DB127B13A460821204644
:1038D800FFF710FE002103AA304601F10108FFF7A7
:1038E80065FC60B909B0BDE8F083006810B1FCF769
:1038F80073FC80B28542414638BF0546DCE7D0F804
:103908000090B9F1000F0FD099F8003063B1476803
:103918000821124B2046124ACDE90059FFF7EAFD6B
:1039280027B96069FFF798FF4146D4E70B4B20465B
:103938000C4A0821FFF7DEFD384606F06DFDAB1D89
:103948009BB228B13A4649462046FFF78BFFEBE782
:103958001A463946204606F07EFDE5E7A9F200083A
:103968003AD9000841D90008F7B50F6805460E4650
:10397800D7B13846FCF730FC84B2114B08212846F1
:10398800104A00933B46FFF7B5FD7168084606F0FC
:1039980043FDE31C9BB248B10A462846316803B090
:1039A800BDE8F040FFF75EBF3C46E6E731B11A4696
:1039B800284603B0BDE8F04006F04DBD03B0F0BDA9
:1039C800A5F200088FD5000810B507490446FCF792
:1039D800F1FB38B105492046FCF7ECFBB0FA80F062
:1039E800400910BD0120FCE746D9000849D9000864
:1039F80010B583680446D3F87C329B0603D5064984
:103A0800406906F094FDA368502200205A871822C6
:103A1800A3681A8710BD00BF9ABA000808B5836961
:103A280002491A6806F076F8002008BD50D9000847
:103A3800024908B5FFF7B6FA002008BD0DEB0008EB
:103A480037B504460025A2680DF106030121E06898
:103A580002F5AE7206F009FEBDF80600A36840B193
:103A68002A4603F5AE7305492046013506F052F89B
:103A7800E9E783F85C0103B030BD00BF60D90008F6
:103A880010B5044606F082F803490246204606F0BF
:103A980041F8002010BD00BF90C50008022907B5F5
:103AA8000BD153680C4900930C4B126806F04EF882
:103AB8006FF0150003B05DF804FB8368084AD3F87B
:103AC8007C32084913F0020F074B18BF1A4606F05C
:103AD80021F80020EEE700BF83D900086ED900085E
:103AE8006AD900088CD90008AFEB0008F7B514496B
:103AF8000546144C06F00EF8134F0022BC4218D9A4
:103B08001249E623124A134805F03AFE124805F016
:103B180037FEE6210E4805F02AFE236A92B20F49C5
:103B2800284600932C3454F8243C05F0F3FF324621
:103B3800E4E702F10106F0D3002003B0F0BD00BFB6
:103B48009DD90008ECB8000818B90008F3D9000896
:103B5800C6D900087EC200080ADA0008B5D90008EC
:103B680010B583680446D3F87C329A0603D5074912
:103B7800406906F0DCFCA368D3F87C329B0603D5C9
:103B88000349606906F0D3FC002010BDA1BA000803
:103B9800A6BA00080129F0B5044685B00BD05368D1
:103BA8006FF015055B4900935B4B126805F0CEFF7B
:103BB800284605B0F0BD8368D3F87C329A0603D551
:103BC8005649406906F0B3FC6FF0F9012046FFF74B
:103BD80075FBFA2120460025FFF786FBA0684FF405
:103BE8008072294600F5AE708DF80B504FF47A7646
:103BF80007F06FFB4A49606906F099FC606905F0B7
:103C0800CDFF606801220DF10B0103681F6903AB4A
:103C1800B847039B53B9013E4FF47A7007F0E5F9B2
:103C2800B6B2002EEDD16FF0850534E09DF80B207B
:103C3800A3681B2A60D093F85C111B29E1D1522A92
:103C48005AD15A19002382F85C31A66896F85D218A
:103C58005B2A38D106F25D15022015F8011F0246CD
:103C680001303B2980B231D1FF2ADCD002F5AE7297
:103C780016FA82F1002211F8015F002D30D1FA2ADC
:103C880086F85C51A16828BFFA22FA2B4A8728BF18
:103C9800FA23A2681387A368D3F87C329B0603D55E
:103CA8002049606906F043FC002D81D0A3685022AA
:103CB8001D4920465A871822A3686FF007051A87FE
:103CC80005F036FF74E786F85C31ACE703EB830355
:103CD8003039B0F5807F01EB43018BB2BDD1A2E74B
:103CE800013002EB8202303D80B205EB4205B0F5AF
:103CF800807FAAB2BFD196E72B440135ADB283F8D5
:103D08005C21092D7FF67DAFA368002283F85C2132
:103D180089E700BF83D900086ED90008ACBA00084B
:103D2800ACF20008B0BA000829DA00082DE9F04F13
:103D3800074689B01546894621B1104606F010FDA0
:103D480000285BD1032455E05C463CE029460AF58F
:103D5800AE7007F014FB0646002854D0FCF73CFA76
:103D6800314682B2601C08F101080132304407F084
:103D780097FA22465946304607F084FA4FF0200356
:103D88003355BAF8583001331C44AAF85840002477
:103D980001994B1C03AA48460193FFF707FA064608
:103DA800E8B100223168284606F06DFD0028EFD101
:103DB800D6F800B0D7F808A0BBF1000FC4D0584619
:103DC800FCF70AFA84B2BAF858302344FF2BBDDD59
:103DD80001242B460D4A03213846FFF78BFBB8F127
:103DE800000F07D0B8682A4600F1580100F5AE70F8
:103DF80006F02AF8204609B0BDE8F08F4FF0000819
:103E080002244146C5E70224E9E700BF1FDF000896
:103E180003480021034A08B5121A06F0E6FC08BD5B
:103E2800E8000024700900240748084A0849121AC3
:103E380008B506F0DCFC0748074A0849121ABDE82D
:103E4800084006F0D4BC00BF00000024E8000024AD
:103E5800C0F200080000002400000024C0F200089E
:103E680038B505460C4699B11048D1E901230968CF
:103E780005F070FCE1680E48D4E9042305F06AFCFB
:103E8800E1690C4805F066FCA1690B4805F062FC85
:103E9800012D05D1EFF305810848103905F05AFCCA
:103EA80021462846BDE8384002F0F6B971DF00081F
:103EB800A1DF0008D1DF0008E1DF000810E00008FA
:103EC80030BFFFF7FDBF00BF2DE9F0410B4E05469F
:103ED800DFF82C80324606EB0807CC1B0949204640
:103EE80007F0D0F9A019083C4246002107F0F1F983
:103EF80007F10800C5F8AC40BDE8F08100000000FB
:103F08000800000050BA00082DE9F8433B4D8046F0
:103F18003B481746894605F01DFCAB6ADA0622D5F0
:103F28001124384805F016FCAB6A1B0703D5122488
:103F3800354805F00FFC314DAB6A9E0715D533485F
:103F480005F008FC6E6BAB6A1C0642D5314630485A
:103F580005F000FCB9F1000F03D0AB6A23F0800331
:103F6800AB62132403E01024DEE76FF01506234D3F
:103F7800AB6AD80703D51424264805F0EBFBAB6AD7
:103F8800990603D51524244805F0E4FB1B4DAB6ABC
:103F9800DA0602D4AB6A9B070AD56B68180507D501
:103FA8004146304600F0C2FAB0B180F309880224D5
:103FB800124B9A6A920603D55A6A22F400525A6240
:103FC8009A6A204642F0FF029A6200233B70BDE8DD
:103FD800F8836FF01506C4E7AB6AD906E8D50F4930
:103FE80040F227130E4A0F4805F0CAFB0E4805F0A9
:103FF800C7FB40F227110A4805F0B9FB00ED00E0C5
:1040080024E000083BE000086FE0000883E00008B7
:104018009CE00008B3E00008D3E0000835E10008A0
:1040280003E100087EC200087FE1000810B51D4CBE
:104038001D4805F08FFBA36A990130D51B4805F090
:1040480089FB1E20A36ADA0103D5194805F082FB13
:104058001F20144CA36A1B0303D5164805F07AFBEE
:104068002120A36A590303D5134805F073FB2220C6
:104078000C4CA36A9A0303D5104805F06BFB232068
:10408800A36ADB0303D50E4805F064FB2420054A28
:10409800936A6FEA03436FEA1343936210BD1D20CE
:1040A800D0E700BF00ED00E0A2E10008BBE1000896
:1040B800CFE10008EAE1000809E200082FE2000861
:1040C8004AE2000870B5244C064624480D4605F01F
:1040D80041FBA36AD90435D5214805F03BFB1720DD
:1040E800A36A1A0503D51F4805F034FB18201A4C9B
:1040F800A36A9B050FD51C4805F02CFBA16BA36A8E
:10410800180407D5194805F025FB1EB1A36A23F446
:104118000043A3621920104CA36A590503D514481B
:1041280005F018FB1A20A36ADA050DD5114805F029
:1041380011FB1B20084A936A43F47F4393620023D0
:104148002B7070BD1620CBE7A36A9B04F2D50A48F2
:1041580005F000FB1C20EDE700ED00E076E200082A
:104168008DE200086FE000089FE20008B9E200084D
:10417800CFE20008EBE20008D3E00008714BF0B58D
:10418800044658688BB00025C0F3080385F31188EE
:10419800BFF36F8F02F07F46B6F17F4F06D102F072
:1041A8000C06082E11D1684805F0D4FA674940F288
:1041B8001B43674A674805F0E3FA674805F0E0FAE9
:1041C80040F21B41624805F0D2FA16074CBF0C4674
:1041D8000125002CEAD00026DA1E8DF80760092A8E
:1041E80000F2A180DFE802F0059599789F9F9F9FD4
:1041F8009F9D5A4805F0AEFA8DF80760514EF36A54
:104208009A0704D5564805F0A5FA00232AE0F36A70
:10421800002B01DA5348F6E7F36A5B006CD5524885
:1042280005F098FA7369A26943F480737361BFF368
:104238004F8FBFF36F8F32F8023C726922F480729D
:104248007261BFF34F8FBFF36F8F03F47F42B2F5F4
:104258005F4F27D1DBB2022B24D12168434805F0F8
:1042680079FA23689DF80720D2B902AE04F1200735
:104278002068083454F8041C3246BC4203C216466F
:10428800F6D1099A002D5AD0C2F3080121B96FEA74
:1042980052226FEA4222099202A91846FFF7E0FD6E
:1042A8000BB0F0BD274B9A6AD2B23AB10DF10702B2
:1042B80001212046FFF728FE0346D3E79A6A12F445
:1042C8007F4F05D00DF107010120FFF7FBFEF3E753
:1042D8009B6AB3F5803F02D3FFF7A8FEECE72449B9
:1042E80040F2ED231A4A1B4805F04AFA214805F026
:1042F80047FA40F2ED2165E71D494FF43C73144A33
:10430800144805F03DFA1C4805F03AFA4FF43C71A0
:1043180058E70DF107020021CBE70DF10701002056
:10432800D3E716486FE710F4F87FA3F11002144B97
:104338001449154808BF194605F00CFA65E76FF3EC
:104348000802A8E700ED00E032E300085EE3000899
:1043580003E100087EC2000871E30008AFE300082B
:10436800C7E30008E9E30008F8E3000818E40008D8
:1043780099E9000835E4000859E4000889E40008D0
:1043880004E3000819E30008AEE40008044B5A6986
:1043980042F010025A615A6922F008025A617047C5
:1043A80000ED00E0EFF30880EFF3098101B57246F4
:1043B800FFF7E4FE01BD00BF0F4880F3088805F051
:1043C8008EFA102080F311880C484FF0AA014FF4A0
:1043D800046206F00AFA09484FF40461401880F3B1
:1043E8000988EFF314800221084380F31488BFF38F
:1043F8006F8F00F065F80000801F0024C0110024B2
:104408001EF0040F0CBFEFF30880EFF309808169F9
:1044180011F8021C0229FFD001B5724606F0E9F92D
:1044280001BD00BF00B2002807DB0123410900F0ED
:104438001F00024A834042F82130704700E100E043
:1044480038B54B1C04460D460F2B0FD96B23104A69
:104458001049114805F094F9294610480F232246BF
:1044680005F08EF96B210A4805F081F900B21B01AD
:104478000028DBB206DB00F1604000F5614080F8FF
:10448800003338BD00F00F00054A1354F9E700BFA8
:10449800C2E40008F9E400087EC2000814E5000838
:1044A80014ED00E0044B054A23F07F039360BFF34B
:1044B8004F8FBFF36F8F70470000000800ED00E0DA
:1044C80008B5FFF7EFFF0C4AD2F8883023F47003E1
:1044D800C2F88830EFF3148323F0040383F31488BD
:1044E800BFF36F8FFFF794FCFFF79EFC00F0B4F862
:1044F80006F0A5F901F0D6FF00ED00E042F8203CF7
:10450800203A009B08495360019B21F00101936008
:10451800029B9161D3604FF08073D36100230265E1
:10452800C0F8B030704700BF590C00080A4A03466B
:10453800906878B113F1160FD0F89C0005D0A0F15F
:104548004002934205D3834203D2814228BF002010
:1045580070470020704700BF0409002415460D4A23
:104568000E4608B50C4B9060D0F8AC201A6000F0ED
:10457800EBF82C4686F309880020044B9847204620
:10458800002100220023024C204700001FA8000839
:10459800590C00080409002448080024014B102283
:1045A8001A61704700ED00E0054B5A699B689A4212
:1045B80004D0044A536843F080535360704700BFE7
:1045C8000409002400ED00E0084B9B6883420BD1EE
:1045D800EFF3058343B1064B5A6842F080525A60A4
:1045E8005A6A22F400425A6203F0E0BA040900242D
:1045F80000ED00E015498A684FF030001044EFF3F1
:10460800098C80E8F01F102080F31288BFF36F8FA9
:104618000F4F4FF000664A698A603E60D2F8AC00DE
:104628000C4C2060D2F8B0000023C2F8B03080F300
:10463800118804B5104600F087F8BDE8044002F17F
:10464800300090E8F01F8CF30988704704090024B3
:1046580004ED00E048080024002304481021C21893
:104668000133292B82F80013F9D1704700E100E0EB
:1046780008B5EFF30583064A103B02EBC30152F875
:10468800330049688847BDE80840FFF78DBF00BF81
:1046980008B700080148006870470000480800246F
:1046A800154A70B5536913F4803323D1C2F88430A6
:1046B800BFF34F8FD2F8803043F6E074C3F3C900DC
:1046C800C3F34E335B0103EA0406014646EA8175EB
:1046D8000139C2F86052F9D2203B13F1200FF2D110
:1046E800BFF34F8F536943F480335361BFF34F8F48
:1046F800BFF36F8F70BD00BF00ED00E00B4B5A6930
:1047080012F4003211D1BFF34F8FBFF36F8FC3F88C
:104718005022BFF34F8FBFF36F8F5A6942F40032B4
:104728005A61BFF34F8FBFF36F8F704700ED00E002
:10473800024B0121024A034800F078B80000042423
:1047480000000024ECC00008D0F89C304021054A45
:10475800403B10461360044BC2E90113012100F0ED
:104768008BB800BF4C08002400000B15084AC2F89B
:1047780098000B6823F01F03034343F01003C2F8AB
:104788009C308B6843F00103C2F8A030704700BF2B
:1047980000ED00E02DE9F0430E4685B01F460446C3
:1047A8004FF00009DFF85480B14523DA6068D8B1CA
:1047B8003FB1411E08421BD11F2819D9236819424D
:1047C80016D12368019306F03BF8A3680343D0B2DF
:1047D8000393D8F89050C5F30725013DA84207D8A0
:1047E80001A9FFF7C3FF421C09F101090C34DBE7FB
:1047F8006FF01502104605B0BDE8F08300ED00E04B
:10480800044B0522C3F89420BFF34F8FBFF36F8F7B
:10481800704700BF00ED00E0BFF35F8F024B00223E
:10482800C3F89420704700BF00ED00E038B50D4D87
:1048380001230C462A78FFF7ADFF287016300FD1F8
:1048480040F28913084A0949094804F099FF2146AA
:10485800084804F095FF40F28911034804F087FFE7
:1048680038BD00BF6B09002454E5000899E9000829
:104878007EC2000883E50008144A002310B51278A8
:104888000C46FFF787FF10F1160F08D0104A0021D9
:10489800D2F89030C3F30723984210DB10BD4FF4D1
:1048A800D4730C4A0C490D4804F06AFF21460C48A1
:1048B80004F066FF4FF4D471064804F058FFC2F8BC
:1048C80098000130C2F8A010E2E700BF6B0900248D
:1048D80000ED00E054E5000899E900087EC20008F0
:1048E800AFE500082DE9F04F744E85B0744DD6F849
:1048F80090302C68C3F307239C4213D940F202235B
:10490800704A7149714804F03BFFD6F8902021465F
:104918006F48C2F3072204F033FF40F202216948CE
:1049280004F025FF00200C26FFF776FF84421CD1F7
:10493800684E68460027DFF884913470FCF720FC45
:10494800654C8046654DB84516D1337800205B49E3
:10495800D1F89020C2F307229342C0F2A980002028
:10496800FFF74EFF05B0BDE8F08F696806FB001140
:10497800FFF7FCFE0130D9E7009A390102EB071373
:10498800D3F80CA00AEA0400B0F5000F69D00AD8E1
:10499800B0F5001F3DD0B0F5800F55D0B0F5801FA1
:1049A80015D00137CFE7B0F1007F65D0B0F1805F57
:1049B8006DD0B0F1807FF4D1D3F804A05258986834
:1049C80005F03EFF40F08870CDE901A20BE0986841
:1049D80005F036FF40F08850D3F804A0525840F450
:1049E8003020CDE901A20390D9F890303078C3F394
:1049F8000723013B984254D9334940F23523314AC1
:104A0800324804F0BDFE364804F0BAFE40F23521C3
:104A180085E7986805F014FF40F08850D3F804B093
:104A28001AF0010F525840F40020CDE901B203906A
:104A3800DAD02C498423234A244804F0A1FE2A48CA
:104A480004F09EFE84216AE7986805F0F9FED3F821
:104A580004A0525840F0C060CDE901A240F40030F3
:104A6800C1E7D3F804A05258986805F0E9FE40F071
:104A78008270CDE901A2B6E7D3F804A0525898682D
:104A880005F0DEFE40F48020CDE901A2ABE7D3F8C3
:104A980004A05258986805F0D3FE2843CDE901A236
:104AA800A1E701A9FFF762FE33780133337078E795
:104AB800C1F898300133C1F8A00049E700ED00E0E3
:104AC8007CBC000854E5000899E900087EC200088B
:104AD800DCE500086B0900240000F0FF000002116B
:104AE80065E6000810E6000836E60008F0B587B06D
:104AF80007460E4614460021102268461D4606F059
:104B0800E8FB02232A4621468DF802306846044B0A
:104B1800CDE90476019304F033FA07B0F0BD00BF85
:104B280069A8000808B5024B1B689847002008BD13
:104B380058080024034B044A1860937843F0020392
:104B48009370704758080024440000240649074819
:104B580021F00701C1F1105208B502F58022FBF7D8
:104B68002BFE002008BD00BFFB2200245C080024A7
:104B78002DE9F04F91B01D4606460C461A9B934608
:104B8800002B00F04B82B146294619F8010B05F0BD
:104B980072FE0246207805F06EFE3F2A07465FFA4D
:104BA80080F821D006DC92B12A2A32D0D2B242450E
:104BB8002DD01EE05B2A7DD05C2AF7D1EB07F6D416
:104BC800707806F1020905F056FEC2B2EFE7E80672
:104BD80002D5B8F12F0F03D0B8F1000218BF012297
:104BE800104611B0BDE8F08F18B12F2803D1A907DE
:104BF8000DD50122F4E72E2809D16A0707D55C45AF
:104C0800F7D0AB0703D514F8013C2F2BF1D00134B2
:104C18002CE0707805F02FFEC1B22A2918D02E2F6B
:104C280009D16F0707D55C45E3D0AE0703D514F863
:104C3800013C2F2BDDD079B915F00202D0D0ED065A
:104C480000F1EE812F21204606F05BFB021EC5E72E
:104C5800294619F8010FDDE72F2909D1A80707D53B
:104C6800204606F04EFB04460028C2D04E468AE78E
:104C78001A9B05F0020A5F1E2646B8F1000FB8D04D
:104C88005A462B46214648460097FFF771FF0246D1
:104C98000028A5D02946307805F0EDFD2F2804F12D
:104CA800010404D1BAF1000FA3D12646E8E75FFA60
:104CB80080F8E1E700289CD02F2848D1AA0798D48B
:104CC8007378212B01D05E2B4FD1B31C05930123A0
:104CD80029463846069305F0CEFDC3B206460022A3
:104CE8000493A0F14103192B099394BF00230123D6
:104CF8000F93A0F120035E2B94BF002301230E9392
:104D0800A0F16103192B089394BF002301230D938D
:104D1800A0F121035D2B0B9394BF002301230C9377
:104D2800A0F13003092B079394BF002301230A93B2
:104D3800059B0393039B1B785D2B1ED1059B039951
:104D48008B4222D2069B01F1010993425EE72E288D
:104D5800B6D16B07B4D55C453FF44BAFA807AFD5C8
:104D680014F8013C2F2BABD143E70023CDF8149066
:104D7800AEE70122CDF80CA0DCE7002B00F04C8157
:104D88002F2B38D1A9073FF534AFDDF80CA0294601
:104D98001AF8010B05F06FFD0399C3B249782D2964
:104DA80040F0348103998978002900F02F815D292A
:104DB80000F02C8103985C2900F1020A04D1E9076C
:104DC8005CBF014601F1030A29461AF8010B039357
:104DD80005F051FD002800F01F8115F0080F039B16
:104DE80040F00E810499C0B29942C3D3814298BF62
:104DF80042F00102BEE703995C2B497805D1EB0725
:104E0800C3D4039B01330393BFE75B2BBDD13A297E
:104E1800BBD1039B0020991C03468A4611F801CB9D
:104E2800BCF1000F46D17F497F4FBB4208BF884283
:104E380000F0DB80814277EB03015AD3A7F51027F6
:104E48006FF4817C79496744BB4208BF884200F00F
:104E5800BA80814277EB030137D3A7F5003774494D
:104E6800A7F50177BB4208BF884200F09A8001F19C
:104E7800C16107F57F4701F50031F137BB4208BF33
:104E8800884200F0988001F1E061DFF8A8C101F5DF
:104E98000031634508BF88427FF477AF26F02003CE
:104EA800413B192B7FF665AF079B092B98BF42F052
:104EB80001025FE711F802ECBEF15D0FB3D01B02EF
:104EC80043EA10634CEA0020A7E75B495B4FBB420B
:104ED80008BF884200F08E8007F1E047584907F57F
:104EE8007437F6378B4208BFB8427FF44EAF0C9B3D
:104EF8007CE05449544FBB4208BF88426BD0814282
:104F080077EB030129D3A7F53F375049A7F5FC777D
:104F1800BB4208BF88426FD007F1C6474C4907F526
:104F2800713707F57D778B4208BFB8427FF42DAF04
:104F38000B9B0E2B7FF61DAFA6F13A03062B7FF6CF
:104F480018AFA6F15B03052B7FF613AFA6F17B0321
:104F5800032B98BF42F001020CE732493D4FBB4298
:104F680008BF88424AD007F1F04701F180616FF429
:104F7800E16CA7F5881701F500316744BB4208BF0B
:104F880088427FF402AF079B092B7FF6F2AE099B9C
:104F9800052B7FF6EEAE089B052B98BF42F0010269
:104FA800E8E6099B192B7FF6E4AE089B192B98BFFE
:104FB80042F00102DEE6202E3FF4DBAE092E08BFE8
:104FC80042F00102D6E61F2E7FF7D3AE7F2E08BF30
:104FD80042F00102CEE6202E3FF4CBAEA6F1090343
:104FE800042B98BF42F00102C4E60D9B83F0010335
:104FF8001A43BFE60A9BF9E70E9BF7E70F9BF5E715
:10500800A0F14101192998BF2030EBE60499994293
:1050180008BF42F00102ADE65B22C8E50322DFE5E6
:105028000A46DDE55D3A7265776F6C005D3A6C7231
:105038005D3A61686E6C61005D3A74696769640025
:10504800617267005D3A6563617073005D3A746E02
:105058006E757000707075000268064B1A604268C1
:10506800054B1A608268054B1A600269044B1A6086
:10507800704700BF700800246C08002468080024EA
:105088007408002407B5084A92E80300CDE9000136
:1050980006488268126822B16946904703B05DF8F5
:1050A80004FB6FF05700F9E770BA000828B500084C
:1050B800044B03EB40000023013320F8022B8B4202
:1050C800FADB7047780000242DE9F04105460026F8
:1050D8000F4F4FF00108F4B26B78A34201D8BDE836
:1050E800F0812B781C44204605F0D7FB68B1204698
:1050F80005F0EFFB57F834303BB107EBC40204F07E
:105108001F04516808FA04F098470136E3E700BF26
:105118007808002408B510B1431E03420CD00E498C
:1051280060230E4A0E4804F02BFB0E4804F028FBBF
:1051380060210A4804F01BFBB0FA80F0C0F11F00A0
:105148000F2807DD08496123044A054804F018FBC5
:105158006121EEE7C0B208BDF4E60008B2E6000837
:105168007EC2000829E7000852E7000810B5044687
:10517800FFF7D0FF0C4B33F91000FF2809D10B497A
:10518800CB230B480B4A04F0FBFACB21094804F067
:10519800EEFA4FF0B043D3F880201443C3F88040B0
:1051A800BDE81040FFF73EB978000024CEE70008BC
:1051B8007EC20008B2E6000808B54FF0B0430329E4
:1051C8001ED8DFE801F0020B0E161A6822EA000268
:1051D8001A605A6822EA00025A6008BD1A68024337
:1051E800F6E75A6802435A601A6822EA00021A600F
:1051F800F3E71A6802431A605A6810435860ECE7EC
:1052080005494FF481730548054A04F0B9FA4FF48B
:105218008171034804F0ABFA99E900087EC20008DE
:10522800B2E6000838B50D461446FFF773FF0A4B7F
:1052380053F83020AA4204D103EBC0014968A142C7
:1052480005D032B943F8305003EBC0035C6000204E
:1052580038BD6FF00F00FBE77808002408B5FFF7AA
:1052680059FF044B002243F8302003EBC0035A6077
:1052780008BD00BF7808002400F003020F230432A1
:1052880092009340094A43EA900000F00303023376
:1052980052F82320030C02EA104293FAA3F008B153
:1052A800B0FA80F022FA00F0704700BF00040058FE
:1052B800314B10B518680B88C3F30B03D42B47D0B8
:1052C80036D803F6FF74C4F30B04122C02D96FF01E
:1052D800850043E0013B122BF9D801A454F823F0D0
:1052E8006F530008D7520008D752000835530008FA
:1052F800D7520008D7520008D75200086F53000849
:105308006B5300086F530008D7520008D7520008A3
:10531800D7520008D7520008D7520008D7520008C1
:10532800D7520008595300085953000813480FE092
:1053380003F62873C3F30B031C2BC8D8012404FA03
:1053480003F30F4C23420AD140F211142342BED07A
:1053580010600B68B3F5805F07D2002010BD4008CD
:10536800F6E70848F4E70848F2E7C3F313330133D4
:10537800B0FBF3F01060F0E76800002400366E011F
:105388000010111100B4C4040076B010754B13B5A9
:10539800D3F83C2142F00402C3F83C21D3F83C2165
:1053A80002F004020192019A1A6822F480221A601B
:1053B8001A6842F480321A601A689103FCD50023F7
:1053C8000093694B9A6942F440429A619A6902F4DF
:1053D80040420092009A9A699204FCD5614B1A697E
:1053E80002F03802182A00F2B0801A6902F0380276
:1053F800182A16D11A68540706D41A6842F001020E
:105408001A601A685007FCD5564B1A6922F0070231
:105418001A611A6912F0380FFBD19A6922F00F024B
:105428009A61504C236823F080732360236823F02B
:1054380080632360236823F080532360A36A23F0EA
:10544800030343F00203A362A36A23F47C7343F0CB
:10545800C003A362E36A23F00C03E362E36A43F048
:105468000203E362236B6FF3080343F48B7343F087
:1054780001032363E36A23F00103E362236B23F44C
:105488007E4343F400732363E36A43F48033E362A7
:10549800236B23F4FE0343F4C0232363E36A43F43A
:1054A8000033E362236B23F0FE4343F080732363EE
:1054B800E36A43F48023E362236843F08073236044
:1054C80023689901FCD5294800F0F2FDA369254A13
:1054D80023F47063A361A36923F00F03A361E36955
:1054E80023F0700343F04003E361E36923F4E063CE
:1054F80043F48063E361A36923F0700343F040033E
:10550800A361236A23F0700343F0400323622369F5
:1055180023F0070343F003032361136903F03803FF
:10552800182BFAD1104B9A6942F440429A619A6951
:105538009204FCD50B4A0020136923F4004313613D
:105548000B4B0A4A1A6002B010BD0A49FC230A4AEA
:105558000A4804F015F90A4804F012F9FC21064833
:1055680004F005F900440258004802580076B010CB
:105578006800002499E90008DDE700087EC20008F9
:105588001AE80008132808D8054BC34013F0010F88
:105598000CBF6FF08500002070476FF085007047E2
:1055A80012070C0008B5074805F037FD38B1064862
:1055B800FFF7C0FA0448FBF72DFB002008BD6FF089
:1055C8001200FBE7E8B60008D55500080A2838B5E8
:1055D8000446074D04D1AB680D2128465B689847FF
:1055E800AB68E1B202485B689847204638BD00BF07
:1055F800E8B6000838B5036961B921496423214A2E
:10560800214804F0BDF8214804F0BAF864211D4887
:1056180004F0ADF8486850B91D496523194A1A487D
:1056280004F0AEF81B4804F0ABF86521EFE7986882
:1056380000B30024884219D108688CB9DC689860E6
:10564800A14200D1D860002008602AB19A680A6097
:10565800DA68996002B9D96000200FE02846E9E7C6
:105668002060D868814208BFDC60ECE70568044622
:10567800002DF3D1002AE9D16FF0150038BD00BF25
:1056880081E8000845E800087EC200088AE80008AA
:1056980099E80008ABE800082DE9F843D0F8049031
:1056A800904607460D46D9F808001E4605F074F9DD
:1056B800B8F5001F044616D1D9F808402846FFF768
:1056C800DBFD84420CD1294605F066F9044605F055
:1056D80068F92046FFF7C2FD00212046FFF76CFD60
:1056E8000020BDE8F883B8F5800F20D0B6F1806FB0
:1056F80019D0B6F1C06F18D0B6F1007F1AD10226C2
:105708003A460F492046FFF78DFDB0B9D9F8081081
:10571800284605F04FF920463146FFF74DFD204653
:10572800FFF724FDDCE70126EAE70326E8E76FF048
:105738008500D6E76FF01500D3E76FF00F00D0E7CC
:105748004D57000870B50B690E460546996809B1B2
:105758000C6801B970BD8A682A4010D04B6863B9DB
:105768000A4989230A4A0B4804F00AF80A4804F04F
:1057780007F88921064803F0FAFF304698471CB11C
:10578800236821461C46E4E72346FAE7C2E80008F6
:1057980045E800087EC20008ABE8000843681B68BB
:1057A80003F1080252E8002F42F0010203F1080059
:1057B80040E800210029F3D1194A934223D0A2F5E9
:1057C8004C4293421FD002F5806293421BD002F5EF
:1057D8008062934217D002F58062934213D002F59B
:1057E800444293420FD0A2F51C4293420BD002F5DB
:1057F8008062934207D002F51C42934203D002F51F
:105808008062934203D15A6842F040025A6053E8DA
:10581800002F42F4807243E800210029F7D1704735
:105828000010014043681B6803F1080252E8002F8A
:1058380022F0010203F1080040E800210029F3D119
:10584800194A934223D0A2F54C4293421FD002F545
:10585800806293421BD002F58062934217D002F512
:105868008062934213D002F5444293420FD0A2F5CE
:105878001C4293420BD002F58062934207D002F596
:105888001C42934203D002F58062934203D15A68C6
:1058980022F040025A6053E8002F22F4807243E855
:1058A80000210029F7D170470010014037B50346A1
:1058B80005680C4639B3406819698368DB6833B3F7
:1058C80001AA9847002820DB2B6823F400432B60AB
:1058D800019B03EB5403B3FBF4F10F2913D989B2ED
:1058E800E960EB680F2B15D80B4940F23D130B4AC2
:1058F8000B4803F045FF0B4803F042FF40F23D110F
:10590800064803F034FF6FF0150003B030BD6FF0A8
:105918005700FAE70020F8E713E90008E4E8000870
:105928007EC2000835E90008F8B50C4603694168ED
:105938001D682379012B18D0A3F1020EDEF10006B1
:1059480046EB0E06B6026279022A96BF474F4FF41D
:10595800005737F81270A279022A09D0042A30D0E9
:10596800003B18BF01231B0306E04FF4C066EAE7BB
:10597800B3FA83F35B091B07E2790968012A0CBFB4
:105988004FF4407C4FF0000CA5421DD10A6822F06C
:10599800805222F4B05232431A430A604B6823F40F
:1059A80040533B434B6043681A68936823F4407341
:1059B80043EA0C03936029684068BDE8F840FFF7A4
:1059C80075BF4FF48053D7E7D1F800E00EF4C06EEE
:1059D800764506D0D1F800E02EF4C06E4EEA0606F1
:1059E8000E6041680E68716801F440518F4204D01E
:1059F800716821F440513943716041680E6831681B
:105A080001F010218B4204D0316821F010210B43A2
:105A18003360436819688B6803F440739C4505D06C
:105A28008B6823F4407343EA0C038B604368D71EEA
:105A38001B687E4299687E41C1F380318E4207D04F
:105A4800032A9A680CBF42F4804222F480429A608A
:105A580021682B68994206D04068FFF727FF08B9EC
:105A680023682B60F8BD0020FCE700BFD8C1000800
:105A78002DE9F341D0F804800746D8F80400D8F897
:105A8800101083681B68002B00F0B0809847051E33
:105A980033DB01AA0021D8F8240005F0ACF8051E74
:105AA8002BDB019B00221979186805F0B6F8051E52
:105AB80023DB7E683B6934681D68236823F0010393
:105AC8002360B06805F0A9FA002800F09280D6E9B2
:105AD80002018368DB6803B1984754E8003F43F04C
:105AE8000C0344E80032002AF7D129463846FFF76C
:105AF8001BFF054628B16FF01505284602B0BDE822
:105B0800F081337E1BB1A36843F00803A360737E62
:105B18001BB1636843F400436360B37E1BB16368E1
:105B280043F480336360F37E1BB1636843F400334E
:105B38006360337F002B43D02F4B9C4226D0A3F5C4
:105B48004C439C4222D003F580639C421ED003F54F
:105B580080639C421AD003F580639C4216D003F5FB
:105B680044439C4212D0A3F51C439C420ED003F53B
:105B780080639C420AD003F51C439C4206D003F57F
:105B880080639C4202D01D4B9C42B4D17B681A684A
:105B9800936843F4804393602368727F23F078739B
:105BA80043EA425323602368B27F23F4F81343EA9D
:105BB80002432360F37F1BB1A36843F40043A3604F
:105BC80096F820301BB1236843F000532360236804
:105BD80043F001032360E3699A02FCD5E3695B02A1
:105BE800FCD5D8F828303846984786E76FF057052F
:105BF80083E76FF0120580E700100140000C0058A1
:105C08002DE9F041436802460D461C6803691E6889
:105C18000B79012B17D0981E41424141890295F812
:105C280005E0AF79BEF1020F96BF40484FF4005C23
:105C380030F81EC0022F09D0042F01D0002B6BD0E2
:105C48004FF4805005E04FF4C061E8E7002B60D0C6
:105C58000020A3F10308B8F1010F04D86FF0850301
:105C68001846BDE8F0810BB1042FF7D0BCF5805F72
:105C780054D0BCF5405F53D0BCF1000F0CBF0123DA
:105C880003239E45EAD105F041F88742E6D1EB7936
:105C98005BB3012B46D1264B9C4226D0A3F54C433F
:105CA8009C4222D003F580639C421ED003F580639A
:105CB8009C421AD003F580639C4216D003F54443F6
:105CC8009C4212D0A3F51C439C420ED003F580637E
:105CD8009C420AD003F51C439C4206D003F580631E
:105CE8009C4202D0134B9C42B8D1236829461046E7
:105CF80023F001032360FFF717FE03460028ADD108
:105D0800226842F00102226095E8030086E8030059
:105D1800A6E74FF08050A9E71846A7E70023B0E7A9
:105D28000223AEE7032BB6D098E700BFD8C100081E
:105D380000100140000C00584FF0E0230D4A99690B
:105D4800126818699B69002908BF1146002B08BF13
:105D5800134610F4803F084801D1994205D20168E2
:105D6800114401604FF0E021096900681044C01A2D
:105D7800704700BFFC080024F8080024094B1022D3
:105D8800002083F8232046F66052074B1A6046F637
:105D98005F52064B18604FF0E0235A610722986162
:105DA8001A61704700ED00E0FC080024F8080024A0
:105DB800684620F007018D4631B5FFF7BDFF13484F
:105DC800134A0368D2E900411B1941F10001C2E9F5
:105DD800003110490022026046F66052D1E90050B5
:105DE8005B1BB3FBF2F402FB04F35B1940F1000008
:105DF800C1E9003002F064FC0146204602F0C6FB0F
:105E0800FEF7D2FBBDE8314085467047F80800240C
:105E180078020024700200242DE9F0414A4F89B12C
:105E2800421C0AD14FF0E022136923F001031361E9
:105E38004FF07F433B60BDE8F0813D68012806DCF8
:105E480000240AE0431C3D68F8D140F2562040F295
:105E580057239842A8BF1846441EEFF31186102313
:105E680083F31288BFF36F8F384802F017F968B9C7
:105E78008423374A3749384803F082FC3349374886
:105E880003F07EFC8421324803F071FC2F4802F0B5
:105E980029F9FFF751FF4FF0E0233149D3F818C033
:105EA800D1E9002380184FF0000243F10003C1E953
:105EB80000032C4B1A602C4B1A68831A3AD446F606
:105EC800605E46F65F5814FB0E841C44131A40F2B9
:105ED800D662B4FBFEF40EFB0433934238BF13467C
:105EE800224A934228BF13464FF0E0223B60013B11
:105EF800946953610023A445ACEB04009361D1E994
:105F080000321AD20544EB1842F100020F48C1E9E9
:105F1800003202F0D1F890B94FF499730C4A144941
:105F28000D4803F02DFC0949124803F029FC4FF4F1
:105F38009971A8E740F2D663D6E7C318E4E786F379
:105F48001188BFF36F8F76E7FC080024000900244E
:105F5800DDC700080AC800087EC200081FC800087C
:105F680078020024F808002470020024407EFF0014
:105F780035C800084CC8000838B5EFF31185102360
:105F880083F31288BFF36F8F1B4802F087F868B954
:105F980084231A4A1A491B4803F0F2FB16491A4887
:105FA80003F0EEFB8421154803F0E1FB124802F0F0
:105FB80099F8164B1C68164B1B68E41AFFF7BCFED1
:105FC80004440D4802F078F868B94FF499730B4A05
:105FD80010490C4803F0D4FB07490F4803F0D0FBE5
:105FE8004FF49971DFE785F31188BFF36F8F46F699
:105FF8006050B4FBF0F038BD00090024DDC700088C
:106008000AC800087EC200081FC8000878020024D9
:106018007002002435C800084CC8000838B5EFF3F2
:106028001185102383F31288BFF36F8F184802F08D
:1060380035F868B98423174A1749184803F0A0FBB4
:106048001349174803F09CFB8421124803F08FFB87
:106058000F4802F047F8134B1C68FFF76DFE044425
:106068000B4802F029F868B94FF49973094A0E49A8
:106078000A4803F085FB06490C4803F081FB4FF4FE
:106088009971E2E785F31188BFF36F8F204638BD19
:1060980000090024DDC700080AC800087EC20008FD
:1060A8001FC800087802002435C800084CC800083A
:1060B80000287FD0414B9A6902F44042B2F5404F24
:1060C8001BD13F4B3F4A0344934258D33E4A3F4B70
:1060D80002449A4266D33E4A02449A4264D33D4AF5
:1060E80002449A4262D33C4A02449A4260D33B4AF1
:1060F80002449A421ED2012342E09A6902F44042C5
:10610800B2F5004F1AD1364B364A0344934249D36D
:10611800354A364B02449A4246D9354A02449A4295
:1061280044D9344A02449A4242D9334A02449A42F0
:10613800E1D9013398423DD8002321E09B6903F45B
:106148004043B3F5804F0FD12C4B2D4A0344934263
:106158002AD32C4A2C4B02449A4227D92B4A024470
:106168009A4225D92A4AE1E72A4A2B4B02449A4205
:106178001CD31A4A02449A421AD3284AB8E706237B
:1061880027490A6822F00F021A430A600A6802F0D7
:106198000F02934210D0086800F00F00C01A18BF11
:1061A800012070470523EBE70423E9E70323E7E72A
:1061B8000223E5E701207047002070470048025895
:1061C800FFAD43F00024F400FF10E3F200639F02E8
:1061D800FF7382F5FFD621F8FF39C1FAFF9C60FDF5
:1061E8007FA77BF3C0E1E400FF85FCF57FDE80023A
:1061F8007F647DF8FF42FEFA7F217FFDFFCDE4F743
:1062080000366E017F9AEBF97FCC0602FF66F2FB3F
:106218007F33F9FD7FEB10FC80B14F017F4EB0FE5C
:106228000020005238B5436905463BB90024EA68A6
:106238006042537843F00103537038BD98470446D1
:106248000028F3D000F1FF03FE2B0ED92123094AC1
:1062580009490A4803F094FA29680948224603F0D4
:106268008FFA2121034803F082FA4442EB681C703C
:10627800DDE700BF60E9000883E900087EC2000886
:106288009BE90008024B03600248C01A40097047A6
:1062980028B5000808B7000870B50446EFF3118662
:1062A800102383F31288BFF36F8F0E4B9D6804F0A1
:1062B800C7FE042C0CD10C4987230C4A0C4803F068
:1062C8005FFA0C4803F05CFA8721084803F04FFA9C
:1062D80086F31188BFF36F8F2846BDE87040FEF73C
:1062E80073B900BF04090024E2E90008C0E9000806
:1062F8007EC20008FFE9000838B50A4B53F8204071
:10630800013053F82050A54200D838BD606830B13C
:10631800037EDB0701D4FFF785FF0834F3E7236822
:106328009847FAE780C10008374B0122032070B56F
:10633800364C86B0364D1A70FFF7DEFF02F0DCFBF4
:106348000420FFF7D9FFAC42264628D93149442317
:10635800314A324803F014FA314803F011FA442163
:106368002D4803F004FA54F80C3C059354F8103CFB
:10637800049354F8143C039354F8183C029354F8CB
:106388001C3C019354F8203C009354E90A2354E937
:106398000C0100F0BBFB54F8303C5E65D3E7AE421D
:1063A80004F13004DFD3194C01F022F9AC421FD9B3
:1063B80018496823184A194803F0E2F9184803F005
:1063C800DFF96821CCE7D4E90A23B3F1FF3F08BF1E
:1063D800B2F1FF3F05D052EA0301206803D101F072
:1063E80087FB3034E2E70F49183001F087FFF8E700
:1063F800E9D301F06FF9FAF79FF90B4A938923F073
:106408000103938106B070BD6C09002450B80008E0
:1064180050B8000855EA000834EA00087EC20008AF
:106428000ADA0008C17300083803002470B5B823DD
:10643800164E86B0012203FB0066154B154D044627
:1064480005930F231449CDE9033200234FF4A072BA
:10645800CDE90133142303FB00554FF4C0700F4BF3
:1064680000FB04113046009500F050FB337C0C4AC9
:1064780023F00403EE602C7433744FF4046304FBBC
:10648800033313446B6006B070BD00BF8002002464
:1064980082EA000804090024001A002401680008A0
:1064A800C01100247FB50020FFF726FF304B83F38F
:1064B8000888304CF02384F822300023E3772376D1
:1064C8006376A37684F82030636A43F4E02363623A
:1064D800FDF75CFFFEF762F84FF0FF33A362E3625B
:1064E800FEF700FAFEF724F9234800F027FC234BB7
:1064F800234A93420ED92349CC23234A234803F045
:106508003FF9234803F03CF9CC211F4803F02FF949
:106518002033EEE7FCD3FAF70BFE0120FFF7ECFE81
:1065280002201C4CFFF7E8FE01F08EF91A4B0025FB
:106538004FF480625C612046184B1949059301238A
:106548000095CDE90353CDE90155164B00F0DEFA6D
:10655800237C0646204623F00403237400F092FDB2
:106568002846FFF763FF0F4A31462046FDF7F6FF3E
:10657800001A002400ED00E0F003002428B500080C
:1065880008B7000887EA000834EA00087EC2000855
:106598000ADA000838030024040900249FEA0008E6
:1065A800801B0024316300082DE9F04F8BB00646AC
:1065B800DDE914A7CDE905123B46524608A8D046A6
:1065C80004F0F1FDB946DDE90834CDE9023406F1FD
:1065D8001404EFF31185102181F31288BFF36F8F34
:1065E800204601F05BFD60B98423354A35493648B9
:1065F80003F0C6F82146354803F0C2F88421304834
:1066080035E0204601F06EFDEFF3058111B157EA40
:106618000A0321D106F10C034FF0100B0793304603
:10662800169BDDE905129847074610B958EA09088C
:106638001FD1204601F040FD002839D14FF499734D
:106648001F4A2349204803F09BF82146214803F0BC
:1066580097F84FF49971D2E71F4958231F4A1A48EF
:1066680003F08EF81E4803F08BF858211B4803F0FE
:106678007EF8DDE9022308A804F0BAFD079A294646
:106688002046DDE908A7CDE900A700F0DDFED046E9
:10669800B946EFF311858BF31288BFF36F8F20464D
:1066A80001F0FCFC00289FD0204601F01BFDB6E756
:1066B80085F31188BFF36F8F38460BB0BDE8F08FB4
:1066C800DDC700080AC800087EC200081FC8000805
:1066D80035C800084CC80008C6EA0008A4EA000843
:1066E8000BEB000838B50D4C0D4DAC4213D90D49D4
:1066F80025230D4A0D4803F043F80D4803F040F8F0
:106708002521094803F033F8D4E90112204618344A
:1067180004F099FCE9E7F7D3002038BDB80000245D
:10672800E80000240EEB0008A4EA00087EC2000876
:106738000ADA00081FB5054CCDE900230A460021F6
:106748000294FFF731FF04B010BD00BF5397000853
:10675800F8B505460E4600F11404EFF3118710232F
:1067680083F31288BFF36F8F204601F097FC68B956
:1067780084231B4A1B491C4803F002F821461B4886
:1067880002F0FEFF8421164802F0F1FF204601F0D6
:10679800A9FC2846314602F03FFF05F10C0001F044
:1067A8000BF828B139462046BDE8F84004F0BFBCD4
:1067B800204601F081FC68B94FF49973084A0C49E6
:1067C800094802F0DDFF21460A4802F0D9FF4FF4DC
:1067D8009971D8E787F31188BFF36F8FF8BD00BFB1
:1067E800DDC700080AC800087EC200081FC80008E4
:1067F80035C800084CC8000808B50D4B9B6893F9CC
:106808000E30002B09DB1024EFF3118384F3128878
:10681800BFF36F8F04F006F8F6E706491C23064815
:10682800064A02F0ADFF1C21044802F0A0FF00BF99
:106838000409002448EB00087EC2000827EB000882
:1068480008B583684BB90B49A4230B480B4A02F0DF
:1068580097FFA421094802F08AFFD0E900321360AB
:106868005A600023027C836022F00202C0E90033F0
:10687800027408BD9BEB00087EC2000870EB00089C
:1068880070B50446EFF31186102585F31288BFF31F
:106898006F8F304801F002FC60B984232E4A2F49DB
:1068A8002F4802F06DFF2B492E4802F069FF842122
:1068B800294818E0274801F015FCEFF3118385F308
:1068C8001288BFF36F8F83F31188BFF36F8F63B99B
:1068D8002549BB23254A224802F052FF244802F0EA
:1068E8004FFFBB21214802F042FF2568AC4213D07C
:1068F80095B12846FFF7A4FF05F1180001F0DAFD6D
:1069080000232846C5F8B43000F0BCFB31461148D6
:10691800BDE8704004F00BBCD4E902320D489A423D
:1069280018BF0133A36001F0C7FB68B94FF499732E
:10693800094A10490A4802F023FF06490E4802F0A6
:106948001FFF4FF49971B3E786F31188BFF36F8F78
:1069580070BD00BF28090024DDC700080AC8000868
:106968007EC200081FC80008B2EB000870EB0008E0
:106978000BEB000835C800084CC80008F7B50446FA
:1069880016461D46EFF305837BB152EA05030CD08A
:106998002D4988232D4A2E4802F0F2FE2D4802F098
:1069A800EFFE8821294802F0E2FEEFF31187102359
:1069B80083F31288BFF36F8F274801F06FFB60B92C
:1069C8008423264A2649224802F0DAFE224925482D
:1069D80002F0D6FE84212148E5E71F4801F082FB3A
:1069E800A368D3B1013B1C48A36001F065FB68B9FB
:1069F8004FF49973194A1C49154802F0C1FE16490B
:106A08001A4802F0BDFE4FF49971E4E787F3118844
:106A1800BFF36F8F002003B0F0BD56EA05030BD11A
:106A28000D4801F049FB0028E2D087F31188BFF335
:106A38006F8F6FF00F00EEE7224639460648CDE922
:106A4800006500F001FDE6E7EAEB0008CAEB000884
:106A58007EC200080BEB000828090024DDC70008E7
:106A68000AC800081FC8000835C800084CC8000834
:106A780010B5044608B9054B9C681F2204F17C0038
:106A880004F05EFC002084F89B0010BD040900247B
:106A98002DE9F0470C4681B37AB390F81090561E52
:106AA800174F00256019B9F1000F04D104F80590BB
:106AB8002046BDE8F087B7F804A019EA0A0F1AD0F3
:106AC800A6EB0508FB883968984528BF98464246D2
:106AD800454404F0D7FB39EA0A090CD0A6EB0508AF
:106AE80060190849B8F1010F28BF4FF00108454463
:106AF800424604F0C7FB0837D4E7034CD8E700BF89
:106B080098C1000837EC00080DEB00082DE9F04F9C
:106B180085B004460F461E46119DDDF838B00F2D8E
:106B2800DDF84C805FD1564B9E4260D1A573D51DD0
:106B380004F15803002025F00705042107F1400A55
:106B4800A0607F352174E07325F03F05C4E9163352
:106B58003F2D129BA5F14009A381C4E9060005D881
:106B680080F31188BFF36F8F084602DF3D444A4621
:106B7800AA21504604F0ADFB29462046FDF7A4F9AA
:106B88000730109B394620F007000027C4F8A400FE
:106B98002D1A20462A46C4E927A902930F9BCDE95E
:106BA80000B33346FDF7AAFC0F9B67652367109B6C
:106BB800C4E91A6B6367EFF31189102383F3128812
:106BC800BFF36F8F2F4801F069FA18BB84232E4A50
:106BD8002E492F4802F0D4FD2A492E4802F0D0FD54
:106BE8008421294814E005F110031E2B9ED940F298
:106BF8004B23294A2949264802F0C2FD294628483C
:106C08006FF00F030E2202F0BBFD40F24B21224829
:106C180002F0ADFD234E1B4801F064FA336A1948AF
:106C2800A367346201F048FA68B94FF49973164AB9
:106C38001D49174802F0A4FD12491C4802F0A0FDA6
:106C48004FF49971CDE789F31188BFF36F8FB8F1CD
:106C5800000F11D01F22414604F17C0004F070FBA4
:106C680084F89B70B3680BB1D3F8A8302846C4F8F1
:106C7800A83005B0BDE8F08F84F87C80F2E700BF4B
:106C88000168000838090024DDC700080AC80008A0
:106C98007EC200081FC8000839EC00085CEC000838
:106CA800DCEC00080409002435C800084CC80008BA
:106CB800F0B587B00446DDE91276EFF3058575B1C6
:106CC800194940F21733194A194802F059FD194871
:106CD80002F056FD40F21731144802F048FD0595C0
:106CE800109D04950F9D03950E9D02950D9D019590
:106CF8000C9D0095FFF70AFFB6F1FF3F08BFB7F1FB
:106D0800FF3F05D056EA070305D1204600F0F0FE04
:106D1800204607B0F0BD3A46334604F1180006494C
:106D280001F0ECFAF4E700BF0DED000839EC0008BB
:106D38007EC200081FED0008C1730008012310B5CA
:106D48000374044683810023C0E9273301F0CEFE93
:106D5800014B9C6010BD00BF0409002470B590F978
:106D68001020037C002A49DBD90647D163F07F0352
:106D78000374264B984209D1254952232548264AAF
:106D880002F0FEFC5221244802F0F1FC234C22467A
:106D9800E16952F8183F934207D1C0E90021086021
:106DA800E0610FE08B42F8D01B68002BF5D093F917
:106DB8000E6090F90E50AE42F4DD5968C0E900311A
:106DC80008605860A569954200D005B9E568A368D0
:106DD8005BB91349EA23134A0E4802F0D1FC124862
:106DE80002F0CEFCEA210F48CEE71A7CD20606D183
:106DF800DA897F2A03D9AA690AB9636170BDAB42EF
:106E080002D0284601F0C4F86561F7E78002002443
:106E18009FED00087EC200087DED000804090024EB
:106E2800ECED0008C0ED00080BEB000838B590F950
:106E380010200146037C002A1BDA224A03F07F0354
:106E48009042037409D120495A23204A204802F06D
:106E580097FC5A211D4802F08AFCDC0707D51D491A
:106E68005B231A4A1A4802F08BFC5B21F2E704F014
:106E78001CF9194D2A46AB6852F8184F944200D0B5
:106E880004B9EC688B4214D05BB91449EA23144A5C
:106E98000F4802F075FC134802F072FCEA21104812
:106EA800D9E71A7CD20604D1DA897F2A01D9A269E6
:106EB8002AB1A34202D0204601F06AF823466B614A
:106EC80038BD00BF800200249FED00087DED00085A
:106ED8007EC2000813EE000804090024ECED000847
:106EE800C0ED00080BEB0008144A08B5936880B1A0
:106EF800197C11F0090F0CD11149D923114A1248F4
:106F080002F03EFC114802F03BFCD9210D4802F08A
:106F18002EFC6FF00A01C3F8B000C3F8B4100C4996
:106F28004B6843F080534B60002383F31188BFF311
:106F38006F8F9368D3F8B40008BD00BF040900241C
:106F480056EE00082CEE00087EC20008BFEE0008CE
:106F580000ED00E070B504460D46F9B9EFF305867B
:106F6800E6B91A4B5A699B689A4217D001F0A4F8FF
:106F780078B940F26D13164A1649174802F000FC1A
:106F88002146164802F0FCFB40F26D11104802F051
:106F9800EEFB3046BDE87040FFF7A6BF204601F083
:106FA8008BF868B94FF49973094A0A490A4802F0FC
:106FB800E7FB2146094802F0E3FB4FF49971E5E746
:106FC80085F31188BFF36F8F70BD00BF04090024DB
:106FD800DDC7000835C800087EC200084CC8000894
:106FE80008B583684BB90949A4230948094A02F03E
:106FF800C7FBA421074802F0BAFB04F056F8037C4B
:1070080023F0020303740023836008BD9BEB000890
:107018007EC2000870EB000838B5184CA168E0691A
:107028000B68814214BF1A46002249680B605960F8
:10703800A368E1692AB9124AC3E900210B60E36138
:107048000AE092F90E5093F90E00854212DD51685C
:10705800C3E900210B605360A569094B9D4200D02C
:1070680005B9E568A3689D4202D0284600F090FF64
:10707800656138BD8A42DED01268DBE70409002466
:107088001C09002438B50446EFF31185102383F357
:107098001288BFF36F8F174801F000F868B984238E
:1070A800154A1649164802F06BFB1249154802F0BA
:1070B80067FB8421104802F05AFB0E4801F012F8D1
:1070C8002046FFF74BFE0B4800F0F6FF68B94FF477
:1070D8009973094A0C490A4802F052FB05490B48C2
:1070E80002F04EFB4FF49971E4E785F31188BFF382
:1070F8006F8F38BD2C090024DDC700080AC80008B6
:107108007EC200081FC8000835C800084CC800081F
:10711800F8B5734D0446AE68864263D1EFF3058334
:10712800002B5FD1EFF31187102383F31288BFF38D
:107138006F8F6C4800F0B2FF60B984236A4A6B49CC
:107148006B4802F01DFB67496A4802F019FB84216D
:10715800654813E0634800F0C5FF337C664A03F0D6
:107168007F03964243F01003337409D163495A23CD
:10717800634A5F4802F004FB5A21614802F0F7FABB
:10718800D80707D55F495B235D4A594802F0F8FAEA
:107198005B21F2E7304603F088FF2B4653F8184F7F
:1071A8009C4200D004B9EC68AB689C4202D02046EF
:1071B80000F0EEFE4B486C6100F07EFF68B940F2CB
:1071C8006D13494A50494A4802F0DAFA45494F488E
:1071D80002F0D6FA40F26D11BAE73846BDE8F84039
:1071E800FFF782BEEFF31186102383F31288BFF3F3
:1071F8006F8F3C4800F052FF00289ED0394800F0BD
:1072080071FF237CD90612D5364800F055FF0028B7
:1072180060D14FF49973344A3B49354802F0B0FACB
:1072280030493A4802F0ACFA4FF4997190E7D9091D
:1072380043F010023ED12274AF69354B9F4200D013
:1072480007B9EF68AB68BB4202D0384600F0A0FE31
:10725800AB686F619C42D7D1EFF30585002DD3D180
:10726800A389DB071FD51F4800F026FF0028D0D0D0
:1072780086F31188BFF36F8F85F31188BFF36F8F83
:107288000423184602DFEFF31186102383F31288D4
:10729800BFF36F8F134800F001FF00283FF44DAF94
:1072A800104800F01FFF0F4800F006FF002886D0A6
:1072B800304693E703F07F030F4A43F010039442EC
:1072C80023743FF453AFDA073FF55CAF204603F071
:1072D800ECFEB1E786F31188BFF36F8FF8BD00BFEE
:1072E800040900242C090024DDC700080AC8000886
:1072F8007EC200081FC80008800200249FED000815
:107308007DED000813EE000835C800084CC80008D9
:107318001C09002438B50446EFF31185102383F3C4
:107328001288BFF36F8F1D4800F0B8FE68B9842338
:107338001B4A1C491C4802F023FA18491B4802F052
:107348001FFA8421164802F012FA144800F0CAFE07
:10735800237CDA0616D4114800F0AEFE68B94FF463
:1073680099730F4A1249104802F00AFA0B4911485A
:1073780002F006FA4FF49971E4E785F31188BFF338
:107388006F8F38BD23F0100320462374FFF7E6FC07
:1073980029460248BDE83840FFF7DCBD2C09002427
:1073A800DDC700080AC800087EC200081FC8000818
:1073B80035C800084CC8000838B5A0F11804EFF328
:1073C8001185102383F31288BFF36F8F174800F0DD
:1073D80065FE68B98423164A1649174802F0D0F9A1
:1073E8001249164802F0CCF98421114802F0BFF97D
:1073F8000E4800F077FE204603F085FE0B4800F0AB
:107408005BFE68B94FF49973094A0D490A4802F0BE
:10741800B7F906490B4802F0B3F94FF49971E4E75C
:1074280085F31188BFF36F8F38BD00BF2C09002486
:10743800DDC700080AC800087EC200081FC8000887
:1074480035C800084CC800082DE9F047DFF8D4A07B
:107458001746354D0446DAF808200E46334BA84245
:10746800DDE908981A600BD1314940F2B923314857
:10747800314A02F085F940F2B9212F4802F077F934
:10748800EFF31183102383F31288BFF36F8F28461D
:1074980000F004FE60B98423284A2949254802F0EF
:1074A8006FF92946274802F06BF984212348E5E75C
:1074B800284600F017FEDAF808503946284603F047
:1074C800FCFDB8F1FF3F08BFB9F1FF3F06D04A46BF
:1074D80043461D4905F1180000F010FF204600F052
:1074E800EBFD68B9194940F26D13144A114802F0CE
:1074F80047F92146164802F043F940F26D11D5E7E5
:10750800094800F0D9FD40B9104940F26D130B4A03
:10751800084802F035F90449ECE73046BDE8F04781
:10752800FFF7E2BC040900242C09002430090024D8
:10753800E7EE00087EC200087DED0008DDC7000800
:107548000AC800081FC80008C173000835C8000829
:107558004CC8000870B50546EFF31186102383F375
:107568001288BFF36F8F1B4800F098FD68B9842319
:10757800194A1A491A4802F003F91649194802F03B
:10758800FFF88421144802F0F2F8124800F0AAFD2E
:107598002C68A54215D014B12046FFF721FD0D48EF
:1075A80000F08AFD78B94FF499730B4A0E490C48DC
:1075B80002F0E6F807490D4802F0E2F84FF4997135
:1075C800E0E70024EBE786F31188BFF36F8F2046CE
:1075D80070BD00BF2C090024DDC700080AC80008D8
:1075E8007EC200081FC8000835C800084CC800083B
:1075F80010B5EFF31184102383F31288BFF36F8F54
:10760800284800F04BFD60B98423274A27492848B9
:1076180002F0B6F82349274802F0B2F8842122483C
:1076280012E0204800F05EFDEFF3058373B12249B4
:1076380040F23B33214A1E4802F0A2F8204802F0EB
:107648009FF840F23B311D4802F091F81D4B9A68B3
:10765800D37B012B0CD11C494FF44F73174A1448A4
:1076680002F08EF8164802F08BF84FF44F71EAE7F3
:10767800013BD3730B4800F01FFD68B94FF49973B1
:10768800094A12490A4802F07BF80649104802F0F4
:1076980077F84FF49971C2E784F31188BFF36F8FBD
:1076A80010BD00BF2C090024DDC700080AC8000867
:1076B8007EC200081FC800080DED00087DED000817
:1076C8000BEB00080409002420EF000835C8000867
:1076D8004CC8000870B5EFF31186102383F31288A5
:1076E800BFF36F8F2A4800F0D9FC68B98423294A70
:1076F80029492A4802F044F82549294802F040F867
:107708008421244802F033F8264D214800F0EAFC91
:10771800AB68DA7B6AB9244940F24D33234A1F48E3
:1077280002F02EF8224802F02BF840F24D311F48A3
:10773800E8E7EFF3058161B11E4940F24E331B4A79
:10774800164802F01DF81A4802F01AF840F24E31B5
:10775800EDE70132DA732A4652F8184F944200D006
:1077680004B9EC681A7CD20604D1DA897F2A01D9D7
:10777800A2692AB1A34202D0204600F009FC2346A0
:1077880031466B610248BDE87040FFF7E3BB00BFBC
:107798002C090024DDC700080AC800087EC20008BA
:1077A8001FC800080409002451EF00087DED0008F7
:1077B8000BEB00080DED000838B50446EFF3118512
:1077C800102383F31288BFF36F8F184800F066FC0C
:1077D80068B98423164A1749174801F0D1FF13499D
:1077E800164801F0CDFF8421114801F0C0FF0F4871
:1077F80000F078FC204603F09CFC04460B4800F09F
:107808005BFC68B94FF49973094A0D490A4801F0BD
:10781800B7FF06490B4801F0B3FF4FF49971E3E74E
:1078280085F31188BFF36F8F204638BD2C090024DB
:10783800DDC700080AC800087EC200081FC8000883
:1078480035C800084CC80008024B03F11802C3E908
:10785800062270470409002470B5EFF3058373B15D
:1078680038494FF49063384A384801F089FF38485E
:1078780001F086FF4FF49061334801F078FFEFF391
:107888001186102383F31288BFF36F8F314800F0FD
:1078980005FC60B98423304A30492C4801F070FF58
:1078A8002C492F4801F06CFF84212B48E5E72D4C2B
:1078B800284800F017FCA168E0690B68814214BFF2
:1078C8001A46002249680B605960A368E1692AB921
:1078D800254AC3E900210B60E3610AE092F90E50E2
:1078E80093F90E00854223DD5168C3E900210B603E
:1078F8005360A5691C4B9D4200D005B9E568A36893
:107908009D4202D0284600F043FB1248656100F012
:10791800D3FB88B940F26D130F4A14490B4801F0A4
:107928002FFF0C49124801F02BFF40F26D11BCE704
:107938008A42CDD01268CAE73046BDE87040FFF7EA
:10794800D3BA00BF0DED00087DED00087EC2000827
:107958000BEB00082C090024DDC700080AC8000842
:107968001FC80008040900241C09002435C80008A1
:107978004CC800082DE9F04106460C46EFF3058790
:1079880077B134494FF49363334A344801F0F8FE31
:10799800334801F0F5FE4FF493612F4801F0E7FEFC
:1079A80050EA010304D1FFF757FF0020BDE8F0813A
:1079B800EFF31188102383F31288BFF36F8F2948E0
:1079C80000F06CFB60B98423274A2849234801F05A
:1079D800D7FE2449264801F0D3FE84212248DDE75A
:1079E800244D204800F07EFBA868234B1860FFF761
:1079F8001DFAA868234632462049183000F07EFC5C
:107A0800AA6804461748137C43F00403137400F073
:107A180053FB68B940F26D13134A19490F4801F036
:107A2800AFFE1049174801F0ABFE40F26D11D5E7E3
:107A38004046FFF759FAAB68D3E90A23B3F1004F80
:107A480008BFBA42B1D103F0A8FB201A20EAE070BF
:107A5800ACE700BF0DED00087DED00087EC2000810
:107A68000BEB00082C090024DDC700080AC8000831
:107A78001FC800080409002430090024C173000845
:107A880035C800084CC8000838B505460C46EFF361
:107A9800058373B1124940F2C643124A124801F0F5
:107AA8006FFE124801F06CFE40F2C6410D4801F02D
:107AB8005EFEFFF75FFFB4F1FF3F08BFB5F1FF3F80
:107AC8000AD0C11709304FF00A024FF0000341F104
:107AD8000001F8F755FB38BD4FF0FF30FBE700BF5A
:107AE8000DED00087DED00087EC200080BEB0008D4
:107AF80038B50446EFF31185102383F31288BFF3DA
:107B08006F8F204800F0CAFA68B984231E4A1F49BB
:107B18001F4801F035FE1B491E4801F031FE842143
:107B2800194801F024FE174800F0DCFA237C5B07B3
:107B380010D504F1180000F0BDFC237C204623F08A
:107B480004032374FFF70AF929460E48BDE83840B4
:107B5800FFF700BA0B4800F0AFFA68B94FF4997311
:107B6800094A0D490A4801F00BFE06490B4801F085
:107B780007FE4FF49971D3E785F31188BFF36F8F30
:107B880038BD00BF2C090024DDC700080AC800085A
:107B98007EC200081FC8000835C800084CC8000885
:107BA800014B9868704700BF040900242DE9F84389
:107BB80004468789EFF31185102383F31288BFF3F6
:107BC8006F8F844800F06AFA68B98423824A83492F
:107BD800834801F0D5FD7F49824801F0D1FD842119
:107BE8007D4801F0C4FD7B4800F07CFA237C18072F
:107BF80017D5784800F060FA68B94FF49973764A57
:107C08007949774801F0BCFD7249784801F0B8FD20
:107C18004FF49971E4E785F31188BFF36F8FBDE8DE
:107C2800F883D90943F0080240F086802274A368DB
:107C380013B12046FFF7D4F904F1180004F15808ED
:107C480000F038FCA66DB04511D04FF0000976B1B0
:107C58003046FFF7C5F906F1180000F02BFC304656
:107C6800C6F8B490FFF77AF8A66DB045EFD1DFF803
:107C78008081D8F808309C427DD1EFF30589B9F1AD
:107C8800000918BF4FF00109D8F81860594A964200
:107C980000D00EB9D8F80C60B34202D0304600F0DC
:107CA80077F92046C8F8146002F0B2FD204600F0CB
:107CB800A3FAB9F1000F02D04F48FFF73FF8D8F800
:107CC80008309C426AD1EFF30586002E66D1A3895D
:107CD800DA071FD53F4800F0EFF900288DD085F36B
:107CE8001188BFF36F8F86F31188BFF36F8F04235A
:107CF800184602DFEFF31185102383F31288BFF3D0
:107D08006F8F344800F0CAF900283FF45EAF31485D
:107D180000F0E8F92F4800F0CFF978BB40F26D1376
:107D28002D4A31492E4801F02BFD2A492F4801F0F0
:107D380027FD40F26D1153E703F07F032F4A43F00C
:107D480008039442237408D12D495A232D4A244804
:107D580001F016FD5A212B4843E7D90707D52A49D0
:107D68005B23284A1E4801F00BFD5B21F3E7204600
:107D780003F09BF95BE74FF0000985E72846FFF71A
:107D8800B3F822494FF4EE731E4A154801F0F8FC87
:107D98001F4801F0F5FC4FF4EE71DCE70D4800F0E8
:107DA8008BF900283FF429AF85F31188BFF36F8F53
:107DB800FB077FF534AF40F2A253124A1549084831
:107DC80001F0DEFC2146144801F0DAFC40F2A25131
:107DD800C1E700BF2C090024DDC700080AC8000855
:107DE8007EC200081FC8000835C800084CC8000833
:107DF800040900241C090024F00300248002002444
:107E08009FED00087DED000813EE000882EF0008E2
:107E18008DEF0008AFEF0008BAEF00082DE9F04732
:107E28000546884616461F46EFF31189102383F34B
:107E38001288BFF36F8F284800F030F968B984239F
:107E4800264A2749274801F09BFC2349264801F088
:107E580097FC8421214801F08AFC1F4800F042F970
:107E68002868854208D038B16B68984214BFD0F8AA
:107E780000A04FF0000AB0B9002416B139462046D8
:107E8800B047154800F018F9F8B94FF49973134A38
:107E98001649144801F074FC0F49154801F070FCAC
:107EA8004FF49971D6E73946C04704460028E4D113
:107EB800BAF1000F07D06B68534501D0DAF80040DB
:107EC8005046A246D7E75446FAE789F31188BFF32C
:107ED8006F8F2046BDE8F0872C090024DDC7000815
:107EE8000AC800087EC200081FC8000835C8000874
:107EF8004CC80008027C034612F01F0210D10A4940
:107F080088420DD00949086868B1D9897F2909D8FC
:107F180093F90E20064B1B689A42B8BF00207047A1
:107F28000020704710467047800200246C0000242F
:107F38003409002408B568B10F4B98420AD303F1FD
:107F48001802904206D2C01A1822B0FBF2F302FBC4
:107F580013034BB109493F2309480A4A01F010FCB1
:107F68003F21084801F003FC074BC0100122584389
:107F7800064B1A5408BD00BFA804002400F00008EE
:107F88007EC20008D8EF0008ABAAAAAA6D0900248F
:107F98000C4B70B50C4D1E7CFFF7ACFF1823044644
:107FA80003FB0655284600F085FA084B00229A552F
:107FB8003CB1621E28460649D317BDE8704000F060
:107FC8009DB970BD04090024A80400246D0900248B
:107FD8003D7F000838B5EFF31185102383F312882D
:107FE800BFF36F8F234800F059F868B98423224AF9
:107FF8002249234801F0C4FB1E49224801F0C0FB76
:1080080084211D4801F0B3FB1A4800F06BF81E4BA1
:108018001E4A9C681068A04213D1FFF7B9FF1548A3
:1080280000F04AF800BB4FF49973134A18491448F2
:1080380001F0A6FB0F49174801F0A2FB4FF4997114
:10804800DFE700211B7C1160134AD35C002BE6D0CC
:108058002046FFF74FFF0028E1D0237CDB0601D143
:10806800FEF7DAFF2046D8E785F31188BFF36F8F54
:1080780038BD00BF2C090024DDC700080AC8000865
:108088007EC200081FC80008040900243009002423
:1080980035C800084CC800086D090024006838B1CC
:1080A800044B00F003001B7CC01A18BF0120704766
:1080B8000120704704090024002302680360EFF3DD
:1080C8000581074B986811B1017CC90705D41B7C51
:1080D8001843831A5842584170470120704700BF1F
:1080E80004090024024B1A7C9B6813430360704701
:1080F800040900242DE9F8430F469146064660B965
:1081080032492E23324A334801F03AFB324801F013
:1081180037FB2E212E4801F02AFBEFF311844FF094
:10812800100888F31288BFF36F8F2C48FFF7B6FF4B
:1081380060B984232A4A2B49264801F021FB2749A4
:10814800294801F01DFB84212548E4E72348FFF76F
:10815800C9FF264B1D6A4DB92048FFF7ADFF60B136
:1081680084F31188BFF36F8FBDE8F883B9F1000F6E
:1081780028D01A48FFF7A0FF68B94FF49973184A36
:108188001B49144801F0FCFA14491A4801F0F8FA9E
:108198004FF49971D8E784F31188BFF36F8F39468C
:1081A8002846B047EFF3118488F31288BFF36F8F26
:1081B8000A48FFF773FF0028BBD00848FFF792FF73
:1081C800AD6FC8E739462846B047F9E7D6F1000849
:1081D800ABF100087EC20008EDF100083809002460
:1081E800DDC700080AC800081FC8000804090024E1
:1081F80035C800084CC8000838B50446EFF31185A7
:10820800102383F31288BFF36F8F1D48FFF746FFD3
:1082180068B984231B4A1C491C4801F0B1FA184963
:108228001B4801F0ADFA8421164801F0A0FA144861
:10823800FFF758FF174A136AA34214D19B6F1362C2
:108248000F48FFF739FFB0B94FF499730D4A124937
:108258000E4801F095FA0A49104801F091FA4FF4D6
:108268009971E1E71346002BEAD09A6FA242F9D13F
:10827800A26F9A67E4E785F31188BFF36F8F38BD63
:1082880038090024DDC700080AC800087EC20008B3
:108298001FC800080409002435C800084CC8000895
:1082A800024B1868984208BF0020704770000024ED
:1082B800034B1B680BB9FDF75FBE0020704700BF7A
:1082C8003C09002430B570B10B4B5B6898420AD06A
:1082D800036843B1D3E90421D0E90445121941EBFD
:1082E8000501C3E90421D0E9003213605A60002374
:1082F800C0E9003330BD00BF70000024B3F1FF3F78
:1083080008BFB2F1FF3F2DE9F84F04469B461546DA
:108318001F4600F0B280D0F80090B9F1000F0CD0E1
:1083280057496423574A584801F02AFA574801F038
:1083380027FA6421534801F01AFA8160EFF3118893
:10834800102383F31288BFF36F8F5148FFF7A6FEFF
:10835800824660B984234F4A4F494B4801F010FACE
:108368004B494E4801F00CFA84214A48E3E7484853
:10837800FFF7B8FEBBF1000F494A1FDBFFF798FF74
:108388000135474A06464BF1000B2D18D2E9001774
:108398004BEBE073C4E904536D1843EB0707FFF791
:1083A8007FFFDFF800E10346DEF80490EBB9C4E98B
:1083B80000E9C9F80040CEF8044028E0D2E90012EC
:1083C8006FF001034FF0000A5B1A4FF0FF3161EBC9
:1083D80002025B1B62EB0B02012B72F10001BCBFB6
:1083E80001234A46C4E90432D9E7D3E9041CD4E995
:1083F80004208A4270EB0C0B2EDA891A5A686CEB4F
:108408000000C3E90410C4E9003214605C60FFF79F
:1084180047FF84420ED1244B1B685BB9BAF1000FA9
:1084280002D1FFF745FF0646304602F09FFE0021C5
:10843800FDF7F2FC1648FFF73FFEB0B94FF4997309
:10844800144A1A49104801F09BF91149184801F0DB
:1084580097F94FF4997188E7521A60EB0C004B4575
:10846800C4E90420A3D01B68A0E788F31188BFF3F0
:108478006F8F28463946BDE8F88F00252F46F8E764
:108488002BF2000807F200087EC200080BEB000878
:1084980040090024DDC700080AC800081FC80008F2
:1084A800C0040024700000243C09002435C80008DA
:1084B8004CC8000870B50446EFF31186102383F307
:1084C8001288BFF36F8F2A48FFF7E8FD68B9842345
:1084D800284A2949294801F053F92549284801F033
:1084E8004FF98421234801F042F92148FFF7FAFDAA
:1084F80023683BB3FFF7D4FE05462046FFF7E2FEAC
:1085080000224FF00043A542C4E9042312D00024FE
:108518001748FFF7D1FD20BB4FF49973154A194945
:10852800164801F02DF91249174801F029F94FF4BE
:108538009971D7E7FFF7BCFE02F018FE0021FDF79E
:108548006BFCE4E7D4E90423B3F1004F08BF012A28
:1085580004D100224FF00043C4E904236FF015044E
:10856800D6E786F31188BFF36F8F204670BD00BF32
:1085780040090024DDC700080AC800087EC20008B8
:108588001FC8000835C800084CC800082DE9F04786
:10859800DFF8089102468846DFF804A1C9F8000010
:1085A8000026FFF77DFE002704464FEAE27CDAE961
:1085B800001354B1D4E90450AA427CEB000E1FDA30
:1085C800AD1A60EB0C00C4E9045052184FF00004D7
:1085D80043EB0C032046C9F80040CAE9002302F027
:1085E800C5FD2146FDF718FC2E48FFF765FDD0B103
:1085F80088F31188BFF36F8FBDE8F047FFF7EABC37
:108608006918204643EBE573C4E90467CAE9001317
:10861800FFF758FE01224FF000432248C4E9042323
:10862800FFF74AFD78B94FF499731F4A1F4920484C
:1086380001F0A6F81B491F4801F0A2F84FF4997100
:10864800194801F094F888F31188BFF36F8FA36875
:1086580020469847EFF31188102383F31288BFF35D
:108668006F8F1048FFF71AFD58B984230E4A124934
:108678000F4801F085F80B49104801F081F8842172
:10868800DEE70848FFF72EFDD9F80020521BC9F88D
:108698000020FFF705FE044687E700BF3C090024D9
:1086A800C004002440090024DDC7000835C80008BC
:1086B8007EC200084CC800080AC800081FC8000885
:1086C80010B5EFF31184102383F31288BFF36F8F73
:1086D8000B48FFF7E3FC68B984230A4A0A490B48A8
:1086E80001F04EF806490A4801F04AF88421054885
:1086F80001F03DF80248FFF7F5FC204610BD00BF29
:1087080040090024DDC700080AC800087EC2000826
:108718001FC8000810B504460C48FFF7CDFC78B90F
:108728004FF499730A4A0B490B4801F029F8074995
:108738000A4801F025F84FF49971054801F017F837
:1087480084F31188BFF36F8F10BD00BF4009002468
:10875800DDC7000835C800087EC200084CC80008FC
:1087680070B5EFF31186102383F31288BFF36F8F70
:108778001A48FFF793FC68B98423194A19491A481B
:1087880000F0FEFF1549194800F0FAFF842114484B
:1087980000F0EDFF1148FFF7A5FCFFF789FD144A2B
:1087A800D2E90045041945EBE0750C48FFF784FC55
:1087B80068B94FF499730A4A0E490B4800F0E0FF74
:1087C80006490D4800F0DCFF4FF49971DFE786F3A6
:1087D8001188BFF36F8F2046294670BD40090024D9
:1087E800DDC700080AC800087EC200081FC80008C4
:1087F800C004002435C800084CC8000870B50546F8
:10880800EFF31184102686F31288BFF36F8F2D487B
:10881800FFF744FC68B984232B4A2C492C4800F004
:10882800AFFF28492B4800F0ABFF8421264800F011
:108838009EFF2448FFF756FC2846FFF73BFE90B101
:108848002048FFF739FC002837D14FF499731E4AA6
:1088580021491F4800F094FF1A49204800F090FF72
:108868004FF49971E2E76B6ACBB11648FFF724FC25
:108878000028EAD084F31188BFF36F8F6B6A28460B
:108888009847EFF3118486F31288BFF36F8F0D4872
:10889800FFF704FC0028BED00A48FFF723FC05F1C7
:1088A8001800FEF757FE0028CAD0FEF7EBFB21465A
:1088B8000448BDE8704002F03ABC84F31188BFF365
:1088C8006F8F70BD44090024DDC700080AC800087E
:1088D8007EC200081FC8000835C800084CC8000838
:1088E8002DE9F74305460C46914600F10C06EFF3D7
:1088F8001188102383F31288BFF36F8F3046FFF778
:10890800CDFB68B98423164A1649174800F038FF8A
:108918003146164800F034FF8421114800F027FF43
:108928003046FFF7DFFBAB68114928465C4003EA95
:10893800090704EA09025340002200936B4601929A
:10894800FFF76CFA30464146DDE9003223EA0203BC
:10895800AB6002F0ECFB384603B0BDE8F08300BF23
:10896800DDC700080AC800087EC200081FC8000842
:108978003BB200082DE9F04F85B0884605461746FA
:10898800DDE90E1BEFF305838BB151EA0B030ED023
:10899800404940F22113404A404800F0F1FE404867
:1089A80000F0EEFE40F221113B4800F0E0FE02919B
:1089B800B8F1000F56D007F001030393FFF7F0F862
:1089C80005F10C048146EFF3118A102383F3128812
:1089D800BFF36F8F2046FFF761FB029960B98423CC
:1089E800304A31492D4800F0CBFE21462F4800F08F
:1089F800C7FE84212B48D8E720460291FFF772FB77
:108A080017F0020F07F0010202991CBF0023AB60A8
:108A1800AB6803EA0806BAB1B04517D17A07204611
:108A280044BFB343AB60FFF747FBE8B94FF4997312
:108A38001C4A1F49194800F0A3FE21461D4800F0B2
:108A48009FFE4FF49971D5E7002EE7D151EA0B0349
:108A580012D12046FFF730FB0028E7D08AF31188AF
:108A6800BFF36F8F002603E08AF31188BFF36F8F7F
:108A7800304605B0BDE8F08FC9E918872A46204678
:108A8800CDE9001B5146FEF7DFFC0028EAD1D9F8F2
:108A98006060EDE7EAEB00084BF200087EC20008D0
:108AA8000BEB0008DDC700080AC800081FC800084B
:108AB80035C800084CC8000808B5EFF305834BB16A
:108AC80007493A230748084A00F05AFE3A2106485F
:108AD80000F04DFEC0E90233C0E9000008BD00BF48
:108AE8000DED00087EC200084BF20008014BC0F8EB
:108AF800A8307047B8000024014800F02BBE00BF22
:108B08006EF20008F8B5504A0D460023D0E900017E
:108B1800F7F7E6FA002AAEBF4C4B4D4B02F5A832E8
:108B28000446B8BF02F5C072E41841F100064FF4DC
:108B38006161B2FBF1F301FB13223C21E01CAB6045
:108B4800B2FBF1F301FB13226B602A6046F10001CE
:108B580007220023F7F7C4FA002A55DA0732AA6178
:108B68003C483D4A20184FF0000366F10001F7F732
:108B7800B7FA394B03FB104448F6AC61B4FBF1F18A
:108B8800214440F2B457B4FBF7F3C91A334BB4FB92
:108B9800F3F3C91A48F69463B1FBF3F3234440F2A4
:108BA8006D16B1FBF6F2B1FBF7F15B1A06FB123357
:108BB800992103EB830402345E1CB4FBF1F779437B
:108BC80002314FF0050CB1FBFCF1761A40F2F95175
:108BD8008C428CBF6FF0090102214FF4C8743944EC
:108BE80004FB0020012998BF0130B3F5997F13D306
:108BF800A3F59973EB61A0F26C700023C5E904102A
:108C0800EE602B622846F8BD002EAA61A8DB124A46
:108C1800002320463146AAE7970710D14FF0640C8D
:108C280092FBFCF70CFB17275FB992FBF4F704FBE8
:108C38001722B2FA82F252093B331344DAE70022D0
:108C4800FAE70122F8E700BF805101006CFA0A0038
:108C58006BFA0A0050C5FDFFB13A0200B03A0200B3
:108C68000CB430B58BB004460D462022002102A872
:108C780002F02FFB02238DF80A30002D0C4B0393D2
:108C8800069412DB01D06B1E1C440FAA0E990794A0
:108C980002A8019200F074F915B1069B00221A701F
:108CA8000BB0BDE8304002B070470024EDE700BFCC
:108CB80061B40008242A2DE9F041054601D8012AAB
:108CC8000AD1FBF7E7FC344B16221A5001B10D60AC
:108CD8000020BDE8F0813046064616F8014B202CEE
:108CE800F9D0A4F10907042F2346F4D92B2C32D04C
:108CF8002D2C33D14FF0010C3378861C302B34D116
:108D0800307840F0200078282BD132F0100028D19C
:108D180073783546102202360CF10047013F0020D7
:108D2800B7FBF2FE02FB1E78392B82BF03F1FF333B
:108D380043F02003263B303B9A421DD9704502D8A8
:108D480017D1984515D24CF0020C3446354614F824
:108D5800013B2646E8E74FF0000CCDE74FF0000C4A
:108D6800CCE7002A08BF0822D6E7002A08BF0A2253
:108D7800D2E700FB0230E8E701B10D601CF0010FFB
:108D880018BF40421CF0020FA3D0FBF783FC024B34
:108D980022221A5038469CE70C000000242AF0B51D
:108DA800044601D8012A40D1FBF774FC2D4B16224A
:108DB8001A5001B10C600020F0BD2F463D4615F851
:108DC800010B2028F9D0A0F10906042E0346F4D996
:108DD8002B282CD02D282CD101262B78BD1C302BEC
:108DE8002DD1287840F02000782824D132F01000C6
:108DF80021D16B782C46102202350020392B82BFF6
:108E080003F1FF3343F02003263B303B9A421AD943
:108E1800A0FB02040CB9C01801D346F002062F4685
:108E28002C4617F8013B3D46E8E70746C6E700260B
:108E3800D3E70026D3E7002A08BF0822DDE7002A87
:108E480008BF0A22D9E701B10C60F20748BF4042C7
:108E5800B307B1D5FBF71EFC024B22221A504FF084
:108E6800FF30A9E70C000000242AF0B507460D469C
:108E780001D8012A0AD1FBF70DFC404B16221A50E3
:108E880005B12F6000200146F0BD3046064616F8B1
:108E9800011B2029F9D0A1F10904042C0B46F4D9AF
:108EA8002B293DD02D293ED14FF0010C3378861C5B
:108EB800302B3FD1317841F02001782936D132F07A
:108EC800100133D17378374610220236002001464C
:108ED800392B82BF03F1FF3343F02003263BA3F174
:108EE8003004A24236D94FF0000E39BBA0FB027302
:108EF80038461946BEF1000F0AD13F1953F1000355
:108F080028BF4FF0010E38461946BEF1000F01D0B8
:108F18004CF0020C3446374614F8013B2646D7E796
:108F28004FF0000CC2E74FF0000CC1E7002A08BF61
:108F38000822CBE7002A08BF0A22C7E7A2FB0131B3
:108F4800A0FB02701B1841F100010029D0D04FF09E
:108F5800010ECDE705B12F601CF0010F02D0404291
:108F680061EB41011CF0020F8ED0FBF793FB034B22
:108F780022221A504FF0FF3085E700BF0C00000096
:108F88002DE9F04F8BB04368009383789C078046A7
:108F9800924640F1F98000250878002800F0F68014
:108FA80025280AD04B1C019301354146009B984760
:108FB8000028C0F2E3800199EEE74E788B1C252E3D
:108FC8000193F1D00027B9463C460A221F2C22D82B
:108FD800A6F12003102B20D8DFE803F0141F1F1A76
:108FE8001F1F1F0B1F1F1F121F171F1F090044F0F1
:108FF8000104019B13F8016B0193002EE6D13AE0BE
:1090080044F0020444F00404F3E744F00804F0E7F1
:1090180044F01004EDE77F2C24D8A6F13003092B87
:1090280008D860064EBF02FB073702FB093944F037
:109038002004DEE72A2E0DD161065AF8043B53D4EA
:10904800002BA7BF44F020049946C3F1000944F05F
:109058002804CEE72E2E05D1630600F1978044F050
:109068004004C6E76C2E2ED028D8682E32D06A2E3F
:1090780037D04C2E35D0002F46F02003B8BF24F04F
:109088004004A3F16502BCBFA4B20027022A01D99B
:10909800612B2BD10AF1070A2AF0070A9C4E0AF124
:1090A800080A0727210760D506EB070B34465C45FD
:1090B8005DD1AE1BA219A9EB070959E1742E98D00E
:1090C8007A2E96D0D7E7260648BF44F4007444F0B9
:1090D80080048EE7E00548BF44F4007444F48074CB
:1090E80087E744F4207484E71F4682E7A6F1630209
:1090F800122A00F2D880DFE812F013004D00D600E3
:10910800D600D600D6004D00D600D600D600D60030
:10911800D600E800D100D600D6001A00D600A0007C
:109128005AF8043B8DF81030012704AEBAE75AF814
:10913800046B784B002E08BF1E4614F0400F14BF76
:1091480039464FF0FF31304602F00DF90746A9E7DE
:10915800009B41462020984700280FDB013CA7428E
:10916800F6D34D442D1BA1469EE74C46F7E714F86D
:10917800010B009B41469847002898DA98F802307E
:1091880043F0040388F802304FF0FF3528460BB04F
:10919800BDE8F08F220630D5A3052AD50AF1070AC3
:1091A8002AF007039A4659685AF8080B24F0100B5E
:1091B80000291FFA8BFB2FDA404261EB41014BF487
:1091C800806B04AC0A23224602F0EFF81BF0400F34
:1091D800A0EB040200F08E802BF001049742A4B2A9
:1091E80040F38F80002E40F08E802BF01104A4B243
:1091F8001DE05AF8040BC117D8E7E0055AF8041B1C
:1092080001D40846F7E7A2054BBF48B208B241F3BC
:10921800C01141F3C031C9E750EA0103D1D1630657
:10922800CFD5002FCDD124F01104A4B23A463B4645
:1092380040F206410C4262D124E024F01004A4B2AA
:109248000A2314F0800243D014F400711FBF0AF1FE
:10925800070A2AF007029246516814BF5AF8080B09
:109268005AF8040B50EA01023ED124F0160B6206AC
:109278001FFA8BFB3CD5002F3AD124F01704A4B277
:109288003A463B4621075AD4E10705D5994572DD90
:10929800A9EB03039F184B469B464AE044F0100491
:1092A80010237826CDE7782B04D1C6F1780343F054
:1092B8001003C6E7009B4146252098470028FFF683
:1092C8005DAF02354146304670E608230026B8E710
:1092D80014F480715AF8040BC4D014F400711ABF46
:1092E800C0B2114680B2BDE724F006041FFA84FB21
:1092F80004AC68E713465C46E10699D52EB90133FC
:10930800C0E71346F8E73B46F6E70233BAE700BF83
:109318009DF2000896F20008CDE902324146009B12
:10932800202098470028FFF629AFDDE902320BF12B
:10933800010BD945F0DCEB1A03EB0B055B46E106A4
:1093480027D5CDE902324146009B302098470028B6
:10935800FFF614AFDDE902327EB901352F44791BDF
:109368008A4229DB144604AE9CBB2A44A9EB0309B4
:109378001546914442E017468EE7CDE902320235A0
:1093880041463046009B98470028DDE90232E5DA7D
:10939800F4E640F206410C42E0D014F0020F14BF8C
:1093A8002B20202014F4806FCDE9023205F101054D
:1093B800414618BF2D20E5E7CDE902324146009B22
:1093C800302098470028DDE9023205F10105C6DAA8
:1093D800D4E6013CCDE90232305D009B4146984716
:1093E8000028DDE90232BFDAC8E6009B41462020AA
:1093F8009847002805F10105FFF6C0AEA9EB050363
:10940800002BF2DCD7E500BF704700EBC1004088B5
:109418004008704708B5FFF7F8FF084408BD034641
:1094280000EBC100F0B5C588161DA94209D101217C
:109438009140DA6822EA0102DA60002243F8262025
:10944800F0BD8788EA00FC0004320634185B8142CC
:1094580002D1985A814207D0002181F31188BFF3C5
:109468006F8F0421084602DF43F826501D539F5290
:10947800E6E708B50346FFF7C8FFB0FA80F21846DA
:10948800C2F11F02BDE80840FFF7C9BFF8B503469F
:10949800FFF7BBFFB0FA80F0CA000C468DB2C0F1EE
:1094A8001F00171D063203EB800CDCF8106056B95C
:1094B800012101FA00F0D9680143D960CCF81040C5
:1094C800DD539D52F8BDF100043133F801C04FEA75
:1094D800CC040634185B864208D0002080F311883B
:1094E800BFF36F8F4FF0040E704602DF23F807C0FA
:1094F8009E521D535D52E5E700EBC1030A4610B5C5
:109508005B880446DB070ED4FFF784FF34F830305D
:10951800C01A814207D134F831102046511AFFF79A
:1095280079FF824207D0002383F31188BFF36F8F3E
:109538000423184602DF10BD2DE9F843B1FA81F380
:1095480005460A46C3F11F0800EB8809D9F81060E0
:10955800A6B9C3F120034FF0FF349C40EB681C40D0
:109568001CD094FAA4F62846B6FA86F6331D55F8A8
:1095780023402146FFF7C0FF32460BE0344603275D
:1095880021462846FFF741FF90420AD32846FFF7B5
:10959800B3FF424621462846FFF741FF2046BDE873
:1095A800F88305EBC404013FE488C9F81040D0D023
:1095B800A642E5D1CDE738B50446FFF726FF0346B6
:1095C8000D4620461146FFF720FF1A1804EBC50583
:1095D800204692B253006B80FFF71CFF24F830201E
:1095E80038BD70B50B460546FFF70FFF511A05EB5E
:1095F800C3049B1A89B203444E0066809CB205EBF3
:10960800C20360005880284625F832101146FFF73B
:1096180001FF25F8304070BDF8B5002967D004680F
:109628000D1F2D1BEE0825F007056219538813F04E
:10963800010306D183F31188BFF36F8F0423184603
:1096480002DF31462046FFF7E5FE34F83030C01A15
:10965800864207D0002383F31188BFF36F8F04235A
:10966800184602DF615B2046711AFFF7D3FEB0424D
:1096780007D0002383F31188BFF36F8F04231846A4
:1096880002DF53883146204623F001035380FFF759
:10969800C1FE074604EBC0035B88DA070CD4014619
:1096A8002046FFF729FF39462046FFF7E2FE3A46F3
:1096B80031462046FFF77FFF655B751B04EBC5034A
:1096C8005B88DB070DD429462046FFF715FF29469E
:1096D8002046FFF7CEFE32462E4629462046FFF7A3
:1096E8006AFF31462046BDE8F840FFF7CFBEF8BD17
:1096F80070B509B9002070BD01F007030568CC08F2
:109708000B33284604EBD304AB689C4228BF1C46A5
:109718002146FFF711FF06460028EBD001462846F0
:10972800FFF773FEA04207D932192846FFF759FF01
:1097380028461146FFF7AAFE05EBC60253881046D5
:1097480043F0010304305380D5E71146FFF7D0BF3B
:10975800002070470FB407B504A951F8040B019114
:10976800F7F75EFA03B05DF804EB04B07047002326
:1097780083F31188BFF36F8F0423184602DF704705
:109788000FB407B504A951F8040B0191F7F748FA8B
:1097980003B05DF804EB04B0704770B506460C885A
:1097A8008888241A3069A4B285B2844224BF641B15
:1097B800A4B22D1BA8B2984228BF18463368234488
:1097C80013600B8803440B8070BD70B4838985884F
:1097D8000669ED1AADB2731B934270BC28BF1346DD
:1097E8000A46011DFFF7D9BF70B40E460146C58869
:1097F80031F80A3FEC1AA3B2934228BF1346324607
:1098080070BCFFF7CABF4B8810B50C88E41AA4B225
:1098180094420ED31A448B8892B24A800A80D21A94
:10982800006992B2824201D2002010BD03448B80AD
:10983800FAE76FF01500F8E770472DE9F041406846
:10984800C2F38016C2F3C11C02F03005446801203F
:109858008E40C2F3412267688840202D27EA00071E
:1098680046EA070600FA01F7666007EB470ED4F8E8
:10987800088007FB0CFC07FB02F26FEA0E0628EAD9
:109888000E084CEA080CC4F808C0D4F80CC02CEA3E
:109898000E0C42EA0C02E2600CD1072913D807FA31
:1098A80001F2206A8A40C2EB02115A4320EA010100
:1098B8000A43226223682D0900207D431E40354358
:1098C8002560BDE8F081020A616A52435243C2EB47
:1098D8000210534321EA00010B436362EAE7704731
:1098E8000B68834204BF01230B71704783681B6AAE
:1098F80003B11847704708B54368197311B1186860
:10990800FFF7F4FF002008BD10B540681C4624305E
:10991800F7F7AAFB2060002010BD10B5406850F88A
:10992800804BFEF76BFF2046FFF7E0FFA368DB6A7A
:109938000BB120469847002010BD2DE9F04145683D
:109948001E460C4617462B7B93B101EB0208A04537
:1099580007D137600120D5E9013198470020BDE8DB
:10996800F081286814F8011B83685B689847EEE764
:1099780005F11000F7F746FB05F1B8030121306047
:10998800BFF35B8F53E8002F43E800100028F9D19C
:10999800BFF35B8F002AE1D128688368DB69002B5D
:1099A800DCD09847DAE78268002382F85C30826866
:1099B800A2F856308268A2F854307047034610B5B2
:1099C800BFF35B8F53E8000F40EA010243E800242D
:1099D800002CF7D1BFF35B8F10BD034610B5BFF362
:1099E8005B8F53E8000F00EA010243E80024002CD3
:1099F800F7D1BFF35B8F10BD0EB403B503AA52F8BD
:109A0800041B0192F9F7BEFB02B05DF804EB03B04A
:109A1800704708B510B1F6F7DFFB80B208BD00F556
:109A28002570FCF72DBF4FF0FF324FF0FF3300F5E4
:109A38002570FCF7A3BF00F5207019B14FF4006141
:109A4800FFF7BCBF6FF40061FFF7C7BF00F52070D8
:109A580019B14FF48061FFF7B1BF6FF48061FFF770
:109A6800BCBF00F51F7008B529B10121FFF7A6FF9B
:109A780000F0010008BD6FF00101FFF7AEFFF7E746
:109A880073B5044680680E46154600F5217000221D
:109A98000023CDE9002301F0F2FB58B1A06800F5DE
:109AA8002170314601F0E7FB20462B4602B0BDE8A5
:109AB8007040184702B070BD08B500F52570FCF776
:109AC8005DFFB0FA80F0400908BD0028886814BF1F
:109AD8000823012300F52170194601F0C9BB0CB415
:109AE80007B504AB53F8042B0193F9F729F903B030
:109AF8005DF804EB02B070470EB403B503AB022166
:109B080053F8042B0193F9F71BF902B05DF804EB45
:109B180003B070470EB403B503AB082153F8042B08
:109B28000193F9F70DF902B05DF804EB03B0704743
:109B38000EB403B503AB032153F8042B0193F9F7D3
:109B4800FFF802B05DF804EB03B070470EB403B53C
:109B580003AB012153F8042B0193F9F7F1F802B094
:109B68005DF804EB03B0704710B54FF4FA72044681
:109B780000238068FFF7A0FF38B12046F8F732FAD3
:109B8800A068BDE81040FFF74ABF10BD18B1836850
:109B9800D3F8A80270476FF01500704710B5026936
:109BA8000446836812680168C068984723690022E0
:109BB8001A6010BD38B5CB6805460C461B7C022BD5
:109BC80004D10A2802D10D20FFF7F4FF2369226887
:109BD8001B68D554226913680133136023691A6816
:109BE80063689A4202D12046FFF7D8FF002038BDAB
:109BF80008B510B1F6F7F0FA80B208BD2DE9F74FB5
:109C0800824601A80D4616461F46FCF73BFB8046D8
:109C180001984FF0000900EB4818804501D8002052
:109C280028E04FB9DDF804B0DBF8004084B9019CA6
:109C380004F120000190F0E7012F04D001F0EDF9C4
:109C48000028EFD0F3E701F0E8F90028EAD1EEE7C1
:109C58002378002BEBD04DB12846F6F7BDFA214604
:109C68000246284601F05AFB0028E0D12EB9D1451A
:109C780008D1019803B0BDE8F08F5846B0470028D6
:109C8800F5D1D4E709F10109D1E710B5047B43897F
:109C980022442144B2FBF3F003FB1022B1FBF3F0A2
:109CA80003FB1010101A10BD10B5047B4389214422
:109CB8001019B1FBF3F1B0FBF3F0401A10BD30B549
:109CC800057B438929442A44B1FBF3F403FB1411AF
:109CD8000134013184800180B2FBF3F103FB1122CE
:109CE8004C1C0132C480428030BD2DE9F74F00265C
:109CF8000746884614469946B24606602378002BE4
:109D080000F09E80202B23D0093B042B20D93B68F0
:109D18005A1C3A6048F823403B684B4500F0908055
:109D280000262578002DE9D0002E7AD1272D03D0E2
:109D38005C2D10D0222D6AD120462E46A346FFF76F
:109D480057FF611C0246204601F0AAFA5C46E8E784
:109D580004F801ABD2E704F1010B2046FFF748FFF6
:109D680059460246204601F09BFAEFE75C2D55D193
:109D780062789642F1D0302A21D102230025E25C94
:109D8800A2F13001C9B2072916D8ED000133EDB2AE
:109D9800052B45EA0105F2D1591E204601932144BD
:109DA8000091FFF725FF019B0099023BC21A20464C
:109DB80001F076FA2570C9E7DBB2022BECD1782ADC
:109DC8002CD102210025635CA3F13002D2B2092A0A
:109DD80007D82D01EDB215434B1C0321042BDBD012
:109DE800F1E7A3F16102052A05D82D01573BEDB231
:109DF8001D43EDB2F0E7A3F14102052A03D82D0176
:109E0800373BEDB2F4E7022908D00323C4E7202D3D
:109E18003FF474AF093D042D7FF670AF04F1010BD8
:109E280094E7B54204F1010BA0D120460026FFF7C4
:109E3800DFFE594602462046A34601F031FA85E77F
:109E4800304603B0BDE8F08FF8B50E461146074618
:109E5800154601F094FA0446E0B12846FFF7C8FE1B
:109E6800A742054607D214F8013C202B02BF013552
:109E780004F1FF34ADB22046FFF7BAFE3388421C26
:109E880061195B1B2046521B338092B2BDE8F84033
:109E980001F006BAF8BD2DE9F0410F4686B0164626
:109EA800044678B1034601AC00F110051868083380
:109EB80053F8041C2246AB4203C21446F6D1186874
:109EC80001AC10604FF0000841463246204608F1C8
:109ED8000108F9F76BF9054628B129683846F6F7FD
:109EE80069F90028F0D1284606B0BDE8F0812DE9CF
:109EF800F047DDF820801C460F46002316469DF8E3
:109F08002490236023680546BB421BD256F82300E1
:109F180000F026FC2368824618B1013328462360E6
:109F2800F0E7424656F823102846FFF7B4FF48B139
:109F380023685A1C2260B9F1000FE3D08045E1D1B3
:109F4800554623602846BDE8F08770B50546FFF7FB
:109F58004FFE044628B12B460026621E591B8A4232
:109F680000DC70BD13F8012B202A02D0093A042A1C
:109F7800F3D8591B89B28AB29442EED96A5C202A76
:109F880002D0093A042A03D801360131B6B2F2E701
:109F9800002EE2D08AB218462944A21AA41B013224
:109FA800A4B201F07DF90346D6E7F8B58468064601
:109FB80094F85C302BB9B368B3F85420A3F8562052
:109FC800F8BD04F15C00B4F85430C21812F8012C42
:109FD800202A1BD0093A042A18D90022C254134651
:109FE8001D460133425D9BB24119202AF8D0093A37
:109FF800042AF5D9002DDED0B4F854707A1C7F1BE2
:10A00800521B01F04DF9A4F85470D4E7013B9BB200
:10A01800A4F85430002BD6D184F85C30CBE7002369
:10A028001A46FFF7EBBD02230022FFF7E7BD2DE933
:10A03800F74F054601A8FCF725F9019C04EB4018E9
:10A048000DBB0024204603B0BDE8F08F266876B12A
:10A058003046F6F7C1F807462846F6F7BDF88742B6
:10A0680005D131462846F6F7A5F80028EAD0E36975
:10A078003BB11B682BB1D3F800909A4600264E4599
:10A0880004D120340194A045E0D8DAE75AF804BF97
:10A098005846F6F7A1F807462846F6F79DF887428E
:10A0A80005D159462846F6F785F80028CAD0013662
:10A0B800E5E70EB403B503AA52F8041B0192F9F7B9
:10A0C80061F802B05DF804EB03B0704710B50446C0
:10A0D800F6F782F8B4F8543013FA80F038B1638F89
:10A0E800B0FBF3F203FB1200B0FA80F0400910BD98
:10A0F80038B58468D4F87C522046F6F76DF8B4F881
:10A108005630C5F3400580B205FB0300638FB0FBF2
:10A11800F3F203FB1200B0FA80F0400938BD10B525
:10A128000446FFF7E5FF18B9A068FFF7CFFF20B195
:10A138006069BDE81040F9F7BBB810BDF8B5846890
:10A148000546B4F8542004F13000B4F85610FFF76F
:10A15800B6FDA868A78EE68EFFF7B8FF10B168694C
:10A16800F9F7A6F8B74207D1218E2846638EC91A97
:10A17800BDE8F840F9F7B8B8E18E2846A38EC91AA9
:10A18800F9F79CF8F0E7F8B5044680680D46B0F892
:10A1980056103030828C0D44FFF791FDA068ADB2A7
:10A1A800B0F8561030302A46FFF77EFD0746A06803
:10A1B8002A46B0F856103030FFF767FD0646794258
:10A1C8002046F9F77BF831462046F9F78DF8A36861
:10A1D800A3F85650F8BD2DE9F0410C1E064633DAB7
:10A1E80064424FF0FF3524B2A4B2AFB213E0B368B3
:10A1F8000022B3F856C003F15C0EB3F854806146F0
:10A2080069B96B1C22D1013CA1EB0C013046A4B208
:10A2180009B2FFF7B8FF002CE9D1BDE8F081884505
:10A2280001D1012DEFD01EF8013023F02000413874
:10A23800192807D9303B092B04D9002AE3D139441E
:10A2480089B2DDE70122FAE70125CDE7B8F1000F71
:10A25800E9D1D8E78368B3F85610494209B2FFF745
:10A2680092BF8368B3F85410B3F85630C91A09B2CC
:10A27800FFF789BF8368B3F856301BB14FF0FF3141
:10A28800FFF781BF70478368B3F85620B3F854309E
:10A298009A4202D20121FFF776BF70478268B2F86E
:10A2A8005610A2F854108368B3F8562013440022BD
:10A2B80083F85C20F8F7F0BF10B504468068B0F862
:10A2C80054203030C18CFFF7FAFCA3682046198E61
:10A2D800C1F10101F9F708F8A3682046998E013900
:10A2E800F8F7ECFF2046BDE81040F8F7D5BFF9F7BE
:10A2F8004DB8F7B51E46836815460446D3F87C2248
:10A30800D20613D593F83E208A420FD0DB8FADF8E2
:10A318000430F9F7B1F8324629466069F8F732FF98
:10A3280001A92046F9F7C8F803B0F0BD324629461E
:10A33800606903B0BDE8F040F8F724BF2DE9F041AB
:10A348008768054688461446B7F85460B318FF2B4B
:10A3580026DCB7F85630F61A5C33B6B21F443246DC
:10A368003946381900F09CFF22464146384600F02D
:10A3780089FFAA68B2F854302344A2F85430AB6875
:10A38800B3F854201344002283F85C20AB68D3F858
:10A398007C12890706D4B3F856201444A3F8564013
:10A3A800BDE8F08131462846BDE8F041F9F76CB9BF
:10A3B800FFF7C4BF38B505468068B0F85620B0F836
:10A3C8005440A41AA4B29CB15C3210442246411CE9
:10A3D80000F066FFAA68611E2846B2F8543089B2B8
:10A3E800013BA2F854300122BDE83840F9F74CB9D6
:10A3F80038BD10B583680446B3F854205AB1B3F891
:10A40800563043B14FF0FF31FFF7BDFE2046BDE89F
:10A418001040FFF7CFBF10BD78B10378C42B0BD124
:10A4280043780B2B08D18378D22B05D1C078A0F1C3
:10A438008603584258417047002070470EB403B550
:10A4480003AA52F8041B0192F8F79CFE02B05DF8CB
:10A4580004EB03B070472DE9F843054688461746D4
:10A46800002418F80430202B21D0093B042B1ED9D6
:10A47800404608EB0409F5F7AFFEAB6880B2598F88
:10A48800001BCB1B984214D94846002610F8012B14
:10A49800202A06D0A2F1090CBCF1040F02D80A2A1E
:10A4A8002DD03346BA19914228D90136EEE7013446
:10A4B800D7E74B460026B04208D168694946FFF7FE
:10A4C800BDFF6869BDE8F843F9F7C6B913F8012B71
:10A4D8000A2A11D101346869FFF760FB3246344417
:10A4E80049462846F8F752FF6869F9F7B5F9394639
:10A4F8002846F8F7F9FEBBE70136DCE71E4668692F
:10A508003444FFF74BFB324649462846F8F73EFFEE
:10A5180018F80430202B02D0093B042BE4D801346E
:10A52800F6E70020704783690020186070470EB472
:10A5380003B503AA52F8041B0192F8F723FE02B0F0
:10A548005DF804EB03B0704708B50168F8F72AFD19
:10A55800002008BD8368BFF35B8F03F51F7353E8C2
:10A56800001F21F0080143E80012002AF7D100205B
:10A57800BFF35B8F70478368BFF35B8F03F51F736F
:10A5880053E8001F41F0020143E80012002AF7D106
:10A598000020BFF35B8F70478368BFF35B8F03F5C1
:10A5A8001F7353E8001F21F0100143E80012002A2E
:10A5B800F7D10020BFF35B8F70478368BFF35B8FD1
:10A5C80003F51F7353E8001F21F0200143E8001230
:10A5D800002AF7D10020BFF35B8F70478368BFF371
:10A5E8005B8F03F51F7353E8001F21F0020143E856
:10A5F8000012002AF7D10020BFF35B8F70478368F1
:10A60800BFF35B8F03F51F7353E8001F41F0080188
:10A6180043E80012002AF7D10020BFF35B8F704790
:10A628008368BFF35B8F03F51F7353E8001F41F086
:10A63800100143E80012002AF7D10020BFF35B8F16
:10A6480070478368BFF35B8F03F51F7353E8001FE0
:10A6580041F0200143E80012002AF7D10020BFF39F
:10A668005B8F70470023C360704770B515461E4660
:10A67800C468F1B13CB9034653F8044F9C4209D170
:10A688000020308070BD8368A34202D10023C360DC
:10A69800F6E72468C460002CF2D0228904F10A018C
:10A6A800284600F0EFFD2389002201203380EA5478
:10A6B800E8E7002CE4D043689C42E7D06468E9E707
:10A6C8002DE9F8430023044688461646C36022B3A2
:10A6D800071D4068874200D0B8B906F10A09002270
:10A6E800002349462068FCF725F80546B8B9636891
:10A6F8009F4212D0A168D1E9003213605A60C1E9C3
:10A7080000002068FCF724F8E9E703899342E4D1C4
:10A718000A3000F0E6FD0028DFD1BDE8F8830681A5
:10A72800324641460A3000F0ADFD6368C5E900379E
:10A738005D606560F1E770B50446061D0025636835
:10A74800B34202D10023E36070BDA168D1E90032B1
:10A7580013605A60C1E900552068FBF7F9FFEEE77E
:10A7680010B5044628B1F5F737FD002380B29842AA
:10A7780001D8002010BDE25C3F2A03D02A2A01D06C
:10A788000133F4E70120F5E710B5044680684FF47B
:10A798008072002100F5AE7000F09BFDA068B0F853
:10A7A800542000F15C0100F5AE7000F06BFDA0686C
:10A7B80000F5AE70FFF7C9FBA46804F5AE70F5F7B5
:10A7C8000BFD0130A4F8580010BD10B50446806890
:10A7D800B0F8582000F5AE715C3000F053FDA36866
:10A7E800B3F85820A3F8542010BD00F072BD00F053
:10A7F80049BD01460068F9F733BB08B5F9F760FBB6
:10A80800BDE80840F9F7D0BE00210120F9F728BBC0
:10A818006FF08500704761B662B680F31188BFF3A8
:10A828006F8F704772B6002383F31188BFF36F8F61
:10A83800BFF34F8F30BF62B6BFF36F8F704770475B
:10A84800202809D9B0F1004F08D80138B0FA80F0B3
:10A85800C0F11F0040007047082070473E20704735
:10A8680008B5D1E904319847002008BD08B5FAF7C2
:10A8780059F9002008BD0B0704D5A0F14103192B95
:10A8880098BF2030704707B51346402200920A4609
:10A89800FAF76EF903B05DF804FB5F2817D800F0EB
:10A8A8001F0201231F2803FA02F34FF0B04206D813
:10A8B800D2F8882093430CBF0120002070473F281E
:10A8C80002D8D2F89820F5E7D2F8A820F2E70020BD
:10A8D800704700F01F0201235F2803FA02F30FD824
:10A8E8001F284FF0B04203D8C2F8883000207047C4
:10A8F8003F2802D8C2F89830F8E7C2F8A830F5E740
:10A908006FF01500704708B5062201210020FAF7FC
:10A91800CFFB002206201146F9F792FD01210722FC
:10A928000846FAF7C5FB002207201146F9F788FD0B
:10A93800082201210220FAF7BBFB00220820114659
:10A94800F9F77EFD092201210320FAF7B1FB002265
:10A9580009201146F9F774FD0A2201210420FAF7AB
:10A96800A7FB00220A201146F9F76AFD05211722E4
:10A978000846FAF79DFB002217201146F9F760FDFB
:10A98800282206210A20FAF793FB002228201146E4
:10A99800F9F756FD002008BD01F01F01012088408D
:10A9A80070474FF0B042D2F8803023EA0003C2F873
:10A9B8008030704700F003020F2304329200934066
:10A9C80043EA900000F00303020C92FAA2F29B0003
:10A9D80003F1B04303F5806310B59C6824EA104086
:10A9E8000AB1B2FA82F291400143996010BD0B8816
:10A9F80082B0C3F30B0303F62C72C2F30B02202AB6
:10AA080014D803F1B043486803F511331A680243B8
:10AA180000201A600B88C3F30B0303F1B04303F55E
:10AA280011331B680193019B02B070476FF08500DA
:10AA3800FAE70B88C3F30B0303F62C72C2F30B027D
:10AA4800202A0AD803F1B0434968002003F51133DE
:10AA58001A6822EA01021A6070476FF08500704791
:10AA680070B508884A68C0F30B0094B2C2F3044575
:10AA7800FAF788FDA0B9FF2A11D0C2F34156012385
:10AA880004F1B041120E013601F51131AA40B3406C
:10AA98000C68013BAB4024EA030313430B6070BD11
:10AAA8006FF08500FBE70888C0F30B0008B500F6D7
:10AAB8002C73C3F30B03202B0AD800F1B0404B686A
:10AAC80000F51130026893430CBF0220012008BD35
:10AAD800FAF758FD00280CBF02200120F7E7436869
:10AAE80000205B681B690B60704743685B685869A6
:10AAF80042400A40424000205A61704743680020A3
:10AB08005B68996170474368090400205B68996134
:10AB18007047436800205B685A6951405961704723
:10AB280012F4003CF8B505460C46134642D0960789
:10AB380039D550075CD55022D90636D542F4007273
:10AB480003F4C061B1F5806F44D0B1F5C06F3ED059
:10AB5800B1F5007F41D013F440372E6912D07068E8
:10AB680020FA04F1C9075FBF0121A14001437160C8
:10AB7800BCF1000F06D0180332D569680123496873
:10AB8800A3408B61002321462846FEF756FE47B9AD
:10AB9800736823FA04F2D20741BF0122A24093430B
:10ABA80073600020F8BD1022C6E79F06C8D542F49E
:10ABB8008062C5E7D60305D5D00605D4C2F3401296
:10ABC8009202BDE73022BBE74FF40072B8E742F4C7
:10ABD800C072C0E742F48072BDE742F08002BAE773
:10ABE8005903CFD501212846A140FFF78CFFC9E7BB
:10ABF8006FF08500D6E730B50368136005790468FF
:10AC080004EBC504A34202D36FF0010030BD5C79A8
:10AC180008338C42F1D10020F8E72DE9F84F0446BB
:10AC280000EBC10700254FF00108BC4202D100200B
:10AC3800BDE8F88FD4F800B01BF0100F21D165687B
:10AC480045F02005CBF34420F6F760FA814610B3AF
:10AC5800CBF343160BF01F0A2A4653463146FEF73C
:10AC6800ECFD0028E4DBBAF1110F08D1D9F8043063
:10AC780029055A6808FA06F358BF1B04936108347B
:10AC8800D3E70BF01F03102B03D0112BDAD1656823
:10AC9800D8E73025D6E76FF01200C9E74368C1F35B
:10ACA8004B1001F01F011B68C05801238B40034063
:10ACB8000020003B18BF01231370704710B543688C
:10ACC800C1F34B1001F01F011A68012384588B400F
:10ACD80023438350002010BD10B54368C1F34B14C3
:10ACE800012201F01F0118688A40235823EA020351
:10ACF8002350002010BD38B504460D46FFF7DEFF8F
:10AD080029462046FFF7E8FF002038BDB0F5805FF0
:10AD180007D0B0F1805F09D100290CBF02200120C3
:10AD2800704700290CBF04200320704700290CBF7E
:10AD380003200220704743681B68D869DA69C0F3AA
:10AD4800C00002F0010240EA4200DA699207DA69BB
:10AD580048BF40F004005107DA6948BF40F02000BE
:10AD6800D20504D54FF4807240F008001A62C1077A
:10AD780001D508221A62820701D501221A62410709
:10AD880001D502221A62820601D504221A6270478E
:10AD980043681A6852E8003F43F0400342E8003134
:10ADA8000029F7D1704743681A6852E8003F23F03A
:10ADB800400342E800310029F7D1704743681A6818
:10ADC80052E8003F43F0200342E800310029F7D160
:10ADD800704743681A6852E8003F23F0200342E8AE
:10ADE80000310029F7D1704743681B68D869C0F360
:10ADF80040107047012070470369C3E9011270478A
:10AE0800026953680BB191681847704700222520E2
:10AE180008B51146F9F714FB2520BDE80840F9F7F5
:10AE280001BB43681B68D869C0F38010704743684A
:10AE38001B68D86910F0800002D01868C0F3801031
:10AE4800704710B5026904460B46126812680A601A
:10AE580042681268126802F4C062B2F5806F33D09B
:10AE6800A2F5C060424242411A7162681268526893
:10AE780002F44052B2F5805F28D0B2F5405F27D087
:10AE8800002A0CBF012203225A71626812681068F6
:10AE9800116800F0102001F4C061FFF737FF9871C6
:10AEA800626800201268926802F44072A2F540714C
:10AEB8004A424A41DA7161680968896811F4804F29
:10AEC80018BF0322DA7110BD0222CDE70022DBE7AA
:10AED8000222D9E738B543680C461B681868196818
:10AEE80000F0102001F4C061FFF710FF04281AD009
:10AEF800D86910F0800015D0EFF31181102080F38D
:10AF08001288BFF36F8F0020151A002D06DDDD694A
:10AF18002D0603D5255C01309D62F5E781F3118884
:10AF2800BFF36F8F38BD6FF08500FBE710B543683E
:10AF380010201B68DA691206FCD5EFF3118280F342
:10AF48001288BFF36F8FDC69240604D482F311885A
:10AF5800BFF36F8FEEE7996282F31188BFF36F8FAB
:10AF680010BD43681B68DA69910602D51A68920613
:10AF780007D4D86910F0400004D01868C0F38010D6
:10AF880070470120704738B543680C461B6818683D
:10AF9800196800F0102001F4C061FFF7B7FE04281B
:10AFA8000FD000200821151A002D0CDDDD69AD0633
:10AFB80009D55D6A25540130DD692D07F3D519627D
:10AFC800F1E76FF0850038BD43681B68DA69100740
:10AFD80001D508221A62DA69920603D55B6A002055
:10AFE8000B7070474FF0FF30704738B5044650B1CA
:10AFF800FBF714F84FF48C7305465C43FBF70EF827
:10B00800431BA342FAD338BDC3685B78DB0701D47E
:10B01800FBF708B96FF07700704740B1C3685878FC
:10B0280010F001001EBF1878B0FA80F04009704790
:10B03800EFF31183102383F31288BFF36F8FFEE7BA
:10B0480008B5FFF7F5FF10B400F10C04C0E903449C
:10B058000024446110BCF5F7AFBB3AB18A4205D36E
:10B06800C0E90212C0E90000002070476FF0150027
:10B078007047EFF30580003818BF012070477C3017
:10B088007047002310B58B4202D10020136010BD19
:10B09800C45CAA2CF9D10133F5E70A4608B5D0E912
:10B0A8002701FFF7EEFF002008BDD0E9003213604A
:10B0B8005A600023C0E90033704738B504460D468E
:10B0C800FBF7B4FE237C43F002032374D5B1A560DB
:10B0D8002B689D4209D16B68C4E900531C606C6001
:10B0E80010E06A689A42F6D01B68002BF3D093F9F7
:10B0F8000E1094F90E209142F3DD5A68C4E900322B
:10B1080014605C6038BD10B5037C044613F0280F4A
:10B118000CD183680BB1FBF763FF237C204623F037
:10B1280004032374BDE81040FBF718BE10BDFBF7FD
:10B1380011BF38B5054604680020AC4200D138BDBF
:10B14800002CFCD02046FBF74BFF04F11800FDF75C
:10B15800B1F92046FBF702FE2C680120A542EDE775
:10B168000022FCF7C7BF0122FCF7C4BF08B502469E
:10B17800FDF796F870B1D0E904319B1A61EBE272E1
:10B18800B3F1004F72F1000104DA002AACBF18468F
:10B19800002008BD6FF00040FBE708B5FDF7E0FAB6
:10B1A80008BDFDF7DDBAB3F1FF3F08BFB2F1FF3FBD
:10B1B80070B506461D46144614D01A4316D0002B07
:10B1C80008DBFDF7CDFA041941EB05013046C6E965
:10B1D800004170BD6FF001031C1B4FF0FF3363EBA0
:10B1E8000501F3E74FF0FF342146EFE70024FBE7C2
:10B1F800B3F1FF3F08BFB2F1FF3FF8B50746164667
:10B208001C4610D054EA020311D0FDF7A9FAB04247
:10B218000A460346A1410AD2F31A64EB02043846EF
:10B22800C7E90034F8BD4FF0FF331C46F7E70023A9
:10B23800FBE710B504460B68D0E9180212F0010FBD
:10B2480003EA000301D0984210D17BB1520723666C
:10B2580004F1180042BF4A681A434A60FDF72AF908
:10B2680000232046C4F8B430FFF74DFF002010BD7E
:10B278000A46FDF735BB0A460021FDF731BB5200EF
:10B28800FDF778BB0A44914200F1FF3300D17047C3
:10B2980010B511F8014B03F8014F9142F9D110BDD7
:10B2A800884210B501EB020402D98442234607D82C
:10B2B800431EA14207D011F8012B03F8012FF8E72C
:10B2C8000244824200D110BD13F8011D02F8011D8D
:10B2D800F7E702440346934200D1704703F8011B85
:10B2E800F9E710B501390244904201D1002005E088
:10B2F800037811F8014FA34201D0181B10BD01308B
:10B30800F2E7C9B20346184613F8012B12B18A4274
:10B31800F9D17047002918BF0020704710B56AB1ED
:10B328000139841810F8012B11F8013F9A4203D112
:10B33800A04201D0002AF5D1D01A10BD1046FCE772
:10B3480010B50139034632B111F8014F03F8014B2A
:10B35800013A002CF7D11A440021934200D110BDC4
:10B3680003F8011BF9E710B5024601448A42134667
:10B3780003D01C780132002CF8D1181A10BD0A78B5
:10B3880070B56AB970BD9A4209D10C46054614F8E1
:10B39800013F002BF6D015F8016F9E42F7D001301F
:10B3A8000378002BEFD11846ECE7F0B5C3F1370767
:10B3B8000446FFB203F01F031046082BE6B233D051
:10B3C800102B3ED06508A40844EA817445EAC1758B
:10B3D8002D194FEA910242EB5102290941EA027103
:10B3E8006D1842EB1212290A41EA02616D1842EB0C
:10B3F8001222290C41EA02416D1842EB1242AD18A3
:10B4080042F10002EC0844EA4274D10804EB8402D9
:10B41800A6EB4205EDB2092D0CD90134A5F10A05B8
:10B4280041F10001EDB212E0E40844EA417406F08B
:10B438000705C908303554EA010200F8015BBCD1A0
:10B44800F0BD240944EA017406F00F050909092D25
:10B4580084BFED19EDB2EDE7D1E9043293421EBF86
:08B468005A1C0A6118707047BC
:08B47000804DFF7F0100000088
:10B478000000000028B50008D910000800000000EE
:10B48800ED660008000000000000000048B5000854
:10B4980000000000E8B5000800000000C8B6000879
:10B4A80000000000A8B600080000000088B60008E8
:10B4B8000000000068B600080000000048B6000858
:10B4C8000000000028B600080000000008B60008C8
:10B4D80000000000C8B5000800000000A8B500087A
:10B4E8000000000088B500080000000068B50008EA
:10B4F8000FA900080000000000000000E8B60008DE
:10B50800AD55000800000000855D0008000000003F
:10B51800554B000800000000251E00080000000030
:10B5280034E800080000000084B80008B0000024D7
:10B5380000000000955300080000000004C1000846
:10B54800CEE800081CC1000874B80008B200002446
:10B5580000000000000000000000000010C100080A
:10B5680049C90008C0BA000850B80008980000246B
:10B57800D8040024F510000800000000B4BA000840
:10B588005DC90008E0BA000850B800089A00002415
:10B59800E8040024F510000800000000D4BA0008F0
:10B5A80071C9000800BB000850B800089C000024BE
:10B5B800F8040024F510000800000000F4BA0008A0
:10B5C80085C9000820BB000850B800089E00002468
:10B5D80008050024F51000080000000014BB00084E
:10B5E80099C9000840BB000850B80008A000002412
:10B5F80018050024F51000080000000034BB0008FE
:10B60800ADC9000860BB000850B80008A2000024BB
:10B6180028050024F51000080000000054BB0008AD
:10B62800C1C9000880BB000850B80008A400002465
:10B6380038050024F51000080000000074BB00085D
:10B64800D5C90008A0BB000850B80008A60000240F
:10B6580048050024F51000080000000094BB00080D
:10B66800E9C90008C0BB000850B80008A8000024B9
:10B6780058050024F510000800000000B4BB0008BD
:10B68800FDC90008E0BB000850B80008AA00002463
:10B6980068050024F510000800000000D4BB00086D
:10B6A80011CA000800BC000850B80008AC0000240B
:10B6B80078050024F510000800000000F4BB00081D
:10B6C8008FE600080000000000000000AE00002423
:10B6D800000000008D50000800000000F8C00008BD
:10B6E80049E900082CC10008A0B80008B4000024EB
:10B6F80054000024795A00080000000020C1000806
:10B708000000000011A800080000000011A80008AF
:10B718000000000011A800080000000011A800089F
:10B728000000000011A800080000000011A800088F
:10B73800BDF20008D1500008BBF20008D150000843
:10B74800B9F20008D1500008B7F20008D15000083B
:10B75800B5F20008D15000080000000011A8000848
:10B768000000000011A800080000000011A800084F
:10B778000000000011A800080000000011A800083F
:10B788000000000011A800080000000011A800082F
:10B798000000000011A800080000000011A800081F
:10B7A8000000000011A800080000000011A800080F
:10B7B8000000000011A80008B3F20008D1500008EA
:10B7C8000000000011A800080000000011A80008EF
:10B7D8000000000011A800080000000011A80008DF
:10B7E8000000000011A800080000000011A80008CF
:10B7F8000000000011A800080000000011A80008BF
:10B808000000000011A800080000000011A80008AE
:10B818000000000011A800080000000011A800089E
:10B828000000000011A80008E8B6000809AE0008EA
:10B838000000000011A800080000000011A800087E
:08B84800B1F20008D150000824
:10B8500029AB0008E7AA0008F3AA000805AB000816
:10B860000FAB00081BAB0008A1560008FD550008EF
:04B8700000000000D4
:10B87400A5AC0008C5AC0008E1AC0008FFAC0008AA
:10B88400F7A900083BAA000800000000B95200080C
:0CB89400AFAA00080000000069AA00082C
:10B8A000D1AF000835AF00083FAD0008095C0008C3
:10B8B0004BAE0008DDAE00088FAF000899AD000860
:10B8C000AFAD000837AE0008C5AD0008DBAD00081D
:10B8D0002BAE0008F1AD0008A55700082D58000850
:0CB8E0006BAF0008FDAD000801AE0008D1
:10B8EC0012D400083C0000249C0500242C000024E9
:10B8FC0002000000E4BD00089805002400000000D0
:0CB90C001BD40008F8000024800900246F
:10B9180074BE00083CBD0008DCBC000890BD0008EF
:10B9280010BE00084CBE0008C8BC000888BE00084D
:0CB9380038BE000824BE000860BE0008F5
:10B9440000000000000000000000000000000000F3
:10B954000000000084CA00088BCA00080000000030
:10B964009511000800000000BACA0008C0CA000807
:10B9740000000000B111000802000000BBCB000869
:10B98400C2CB0008BCB900080000000000000000A1
:10B9940046CB00084DCB000800000000B1040008AD
:10B9A40001010000A3CB0008ABCB0008000000009D
:10B9B400F111000800000000000000000000000079
:10B9C400000000000000000000000000DBCE0008C2
:10B9D400E0CE0008000000008D1500080200000001
:10B9E400B1CC0008B6CC0008000000002912000801
:10B9F400000000007ACE000881CE0008000000009C
:10BA0400F1140008020000009ECD0008A5CD000836
:10BA140000000000611300080000000017CE0008B9
:10BA24001FCE0008000000005514000802000000AA
:10BA34000000000000000000000000000000000002
:04BA440000000000FE
:08BA4800291600084916000848
:10BA5000FFFFFFFFFFFFFF7FFFC99A3B00000000D1
:10BA60006588635DDC46030060C79C22000000001F
:10BA7000F4000000020000001B5B4A00001B5B4852
:10BA800000001B5B324A00001B5B4A00001B5B6D21
:10BA900000001B3700001B3800001B5B3F336C00AD
:10BAA000001B5B4800001B5B324A00001B37000094
:10BAB0001B380000B8BA00080100000057C9000890
:10BAC000FFFF0000002802580A000000E00000000C
:10BAD00000040000D8BA0008010000006BC900088B
:10BAE000FFFF00000024025809000000E0000000F1
:10BAF00000020000F8BA0008010000007FC9000839
:10BB0000FFFF00000020025808000000E0000000D5
:10BB10000001000018BB00080100000093C90008E4
:10BB2000FFFF0000001C025807000000E0000000BA
:10BB30008000000038BB000801000000A7C9000811
:10BB4000FFFF00000018025806000000E00000009F
:10BB50004000000058BB000801000000BBC90008FD
:10BB6000FFFF00000014025805000000E000000084
:10BB70002000000078BB000801000000CFC90008C9
:10BB8000FFFF00000010025804000000E000000069
:10BB90001000000098BB000801000000E3C9000885
:10BBA000FFFF0000000C025803000000E00000004E
:10BBB00008000000B8BB000801000000F7C9000839
:10BBC000FFFF00000008025802000000E000000033
:10BBD00004000000D8BB0008010000000BCA0008E8
:10BBE000FFFF00000004025801000000E000000018
:10BBF00002000000F8BB0008010000001FCA000896
:10BC0000FFFF00000000025800000000E0000000FC
:10BC100001000000A8B6000888B6000868B6000851
:10BC200048B6000828B6000808B60008E8B50008BD
:10BC3000C8B50008A8B5000888B5000868B50008B0
:10BC400000000000000000000000000000000000F4
:10BC500000000000000000000000000000000000E4
:10BC600000000000000000000000000000000000D4
:10BC700000000000000000000000000003000000C1
:10BC800084BC00080000000825CA0008280002063D
:10BC9000000000242BCA000822000B110000F01F36
:10BCA00030CA00082400041137CA000800000090C0
:10BCB000000000100000000247CA000800000070E9
:10BCC000000000100000000257CA00085ECA000809
:10BCD00044B900080000000000000000E7CF0008A1
:10BCE000BCCF0008F0BC000800000000000000000D
:10BCF000F4BC0008B1CC000830BD000848BA000808
:10BD0000CD16000801010000CCCF0008D1CF0008FB
:10BD10004CBA00086916000802000000000000008C
:10BD20000000000000000000000000000000000013
:10BD3000C40BD286EECF00081FD00008DCD000086C
:10BD4000E1D0000850BD0008000000000000000025
:10BD500054BD0008EDDD0008EFD000080000000031
:10BD60005518000800000000FFD0000803D10008AB
:10BD7000000000007D190008000000000000000025
:10BD800000000000000000000000000000000000B3
:10BD90008AD2000891D20008A4BD0008C119000889
:10BDA00002020000A8BD000853D3000858D30008C1
:10BDB00000000000791A00080502000090D3000876
:10BDC00095D30008000000005D1D0008020100007E
:10BDD0000000000000000000000000000000000063
:10BDE000000000004D0900241E000000F7A200081A
:10BDF000ECB8000824000024551E00082399000810
:10BE0000FF980008439900081199000800000000FD
:10BE10004BD9000847D80008000000009D2E0008FC
:10BE20000100000063DA00086ADA00080000000080
:10BE3000893A00080100000094DA00089BDA000843
:10BE40009CBE00089D3B00080101000040DB00088B
:10BE500048DB000800000000493A0008010000002B
:10BE600059DB00085FDB0008C8BE000800000000C6
:10BE70000000000085DB00088BDB000800000000EC
:10BE8000693B00080100000099DB00089DDB000809
:10BE9000000000002BA5000800000000A0BE000864
:10BEA000C0DB0008C8DB000800000000F93900080A
:10BEB0000100000000000000000000000000000081
:10BEC0000000000000000000CCBE00080CDC0008F0
:10BED00015DC000800000000F53A00080100000031
:10BEE00032DC000841DC00086CBF000800000000E4
:10BEF00000000000F1DC0008F8DC0008ACC000081D
:10BF000000000000000000000FDD000815DD000843
:10BF10006CC000080000000000000000C6D500084A
:10BF20002CDD00082CC0000800000000000000000C
:10BF30003BDD000840DD0008ECBF0008A53A000822
:10BF40000101000053DD000859DD0008ACBF000806
:10BF500000000000000000000000000000000000E1
:10BF600000000000000000000000000070BF00089A
:10BF70006BDD000875DD0008000000005DA500080D
:10BF800001000000ADDD0008B4DD00080000000085
:10BF900007A60008010000000000000000000000EB
:10BFA000000000000000000000000000B0BF00081A
:10BFB000EBDD0008F1DD0008000000002FA50008FF
:10BFC000010000001FDE000824DE00080000000061
:10BFD000253A0008010000000000000000000000F9
:10BFE000000000000000000000000000F0BF00089A
:10BFF0006AD9000850DE000800000000E5A500082E
:10C0000001000000AFEB00088FDE00080000000018
:10C010007FA50008010000000000000000000000F3
:10C0200000000000000000000000000030C0000818
:10C030006AD90008A2DE000800000000393A0008B2
:10C0400001000000AFEB0008B2DE000800000000B5
:10C0500051A50008010000000000000000000000E1
:10C0600000000000000000000000000070C0000898
:10C070006AD90008C1DE000800000000C3A500085E
:10C0800001000000AFEB0008D9DE0008000000004E
:10C090004BA60008010000000000000000000000A6
:10C0A000000000000000000000000000B0C0000818
:10C0B0006AD90008F0DE000800000000A1A5000811
:10C0C00001000000AFEB000808DF000800000000DE
:10C0D00029A6000801000000000000000000000088
:10C0E000000000000000000000000000000000242C
:10C0F0000000000000000B06FCC00008010000006A
:10C10000ADE6000808C100080100000041E8000891
:10C1100014C1000801000000DFE8000800440258D4
:10C1200024C100080100000059E900080010014086
:10C1300028B5000848B500080413000058C10008DD
:10C1400001000000000000000000000000000000EE
:10C1500060C1000815AE0008F000000010000000EB
:10C1600068C100080100000070C100080200000062
:10C17000270100000002000047010000000000004D
:10C1800078B4000878B4000810B5000818B50008A5
:10C1900028B5000828B5000844ED00080100050096
:10C1A0006EED0008020007004AED000804000800D8
:10C1B00053ED00080800040058ED000810000900C5
:10C1C00062ED0008200008006BED000840000A0046
:10C1D00076ED000880000600001000000030574592
:10C1E00053545F544F504449522F7A6570687972A6
:10C1F0002F696E636C7564652F7A65706879722F2C
:10C20000647269766572732F6770696F2E68002893
:10C21000666C616773202620282831554C203C3CF1
:10C22000202832312929207C202831554C203C3CC3
:10C23000202832322929207C202831554C203C3CB2
:10C24000202832332929207C202831554C203C3CA1
:10C25000202832342929207C202831554C203C3C90
:10C26000202832352929207C202831554C203C3C7F
:10C270002028323629292929203D3D2030004153EC
:10C2800053455254494F4E204641494C205B25733B
:10C290005D20402025733A25640A0009496E7465C3
:10C2A000727275707420666C6167732061726520AC
:10C2B0006E6F7420737570706F727465640A0028F5
:10C2C000666C616773202620282831203C3C20348E
:10C2D00029207C202831203C3C2035292929202177
:10C2E0003D20282831203C3C203429207C20283146
:10C2F000203C3C20352929000950756C6C20557074
:10C3000020616E642050756C6C20446F776E2073D2
:10C31000686F756C64206E6F7420626520656E6155
:10C32000626C65642073696D756C74616E656F75A0
:10C33000736C790A00212828666C616773202620B7
:10C340002831554C203C3C202831362929292026EB
:10C3500026202128666C6167732026202831554CE1
:10C36000203C3C20283137292929202626202866F0
:10C370006C6167732026202831203C3C203129291C
:10C38000290009496E7075742063616E6E6F7420A8
:10C39000626520656E61626C656420666F7220273D
:10C3A0004F70656E20447261696E272C20274F7094
:10C3B000656E20536F7572636527206D6F646573BA
:10C3C00020776974686F7574204F75747075740A7E
:10C3D0000028666C6167732026202831203C3C20B1
:10C3E00031292920213D2030207C7C2028666C6169
:10C3F00067732026202831203C3C20322929203D0B
:10C400003D20300028666C61677320262028283183
:10C41000554C203C3C202831382929207C202831CB
:10C42000554C203C3C2028313929292929203D3DE3
:10C430002030207C7C2028666C61677320262028B1
:10C4400031554C203C3C2028313729292920213DD9
:10C45000203000094F7574707574206E65656473C3
:10C4600020746F20626520656E61626C6564207463
:10C470006F20626520696E697469616C697A6564B0
:10C48000206C6F77206F7220686967680A002866E1
:10C490006C616773202620282831554C203C3C20B5
:10C4A0002831382929207C202831554C203C3C203B
:10C4B0002831392929292920213D20282831554C86
:10C4C000203C3C202831382929207C202831554C1B
:10C4D000203C3C2028313929292900094F757470E6
:10C4E00075742063616E6E6F7420626520696E6979
:10C4F0007469616C697A6564206C6F7720616E6421
:10C5000020686967680A00286366672D3E706F724D
:10C51000745F70696E5F6D61736B20262028677091
:10C52000696F5F706F72745F70696E735F742928D2
:10C5300031554C203C3C202870696E292929202146
:10C540003D2030550009556E737570706F727465BB
:10C55000642070696E0A004750494F20646576690F
:10C560006365206973206E6F742072656164790A57
:10C57000004661696C656420746F20636F6E666944
:10C5800067757265206465627567204C45443A2082
:10C5900025640A004661696C656420746F20636FCE
:10C5A0006E66696775726520737461747573204C6B
:10C5B00045443A2025640A005A6570687972204C17
:10C5C0006F676765722072656164793B2073686587
:10C5D0006C6C20697320617661696C61626C6520A6
:10C5E0006F6E2055534152543120617420313135E2
:10C5F00032303020626175640A00574553545F54ED
:10C600004F504449522F7A65706879722F6C696275
:10C610002F686561702F686561702E630028616CFA
:10C6200069676E20262028616C69676E202D203195
:10C630002929203D3D20300009616C69676E206D1D
:10C64000757374206265206120706F776572206F4A
:10C650006620320A006279746573202F20385520D5
:10C660003C3D203078376666665500096865617024
:10C670002073697A6520697320746F6F206269671F
:10C680000A006279746573203E20686561705F6698
:10C690006F6F7465725F627974657328627974650F
:10C6A00073290009686561702073697A6520697370
:10C6B00020746F6F20736D616C6C0A006865617027
:10C6C0005F737A203E206368756E6B737A28736996
:10C6D0007A656F6628737472756374207A5F686513
:10C6E00061702929006368756E6B305F73697A65C4
:10C6F000202B206D696E5F6368756E6B5F73697A5E
:10C7000065286829203C3D20686561705F737A0068
:10C71000574553545F544F504449522F7A657068BF
:10C7200079722F696E636C7564652F7A65706879AC
:10C73000722F7379732F74696D657574696C2E68C7
:10C7400000747320213D202828766F6964202A29EF
:10C75000302900286120213D202828766F69642037
:10C760002A293029292026262074696D6573706571
:10C77000635F69735F76616C696428612900286270
:10C7800020213D202828766F6964202A2930292914
:10C790002026262074696D65737065635F69735F19
:10C7A00076616C696428622900574553545F544F81
:10C7B000504449522F7A65706879722F6C69622FE4
:10C7C0006F732F636C6F636B2E6300747020213D59
:10C7D000202828766F6964202A293029005745537C
:10C7E000545F544F504449522F7A65706879722FC4
:10C7F000696E636C7564652F7A65706879722F73E2
:10C8000070696E6C6F636B2E68007A5F7370696E0F
:10C810005F6C6F636B5F76616C6964286C290009DB
:10C82000496E76616C6964207370696E6C6F636BBE
:10C830002025700A007A5F7370696E5F756E6C6F89
:10C84000636B5F76616C6964286C2900094E6F74B4
:10C85000206D79207370696E6C6F636B2025700A90
:10C860000074696D65737065635F69735F76616C91
:10C870006964287470290074696D65737065635FFD
:10C8800069735F76616C6964287473290057455336
:10C89000545F544F504449522F7A65706879722F13
:10C8A000696E636C7564652F7A65706879722F6B39
:10C8B00065726E656C2E6800216B5F69735F7072C4
:10C8C000655F6B65726E656C282900096B5F637527
:10C8D0007272656E745F6765742063616C6C656409
:10C8E000207072652D6B65726E656C0A005745533A
:10C8F000545F544F504449522F7A65706879722FB3
:10C900006C69622F7574696C732F74696D657574C9
:10C91000696C2E6300574553545F544F504449523D
:10C920002F7A65706879722F6C69622F7574696CE3
:10C93000732F72696E675F6275666665722E63003B
:10C94000657272203D3D2030006770696F40353858
:10C95000303232383030006770696F6B0067706951
:10C960006F403538303232343030006770696F6A6A
:10C97000006770696F4035383032323030300067D0
:10C9800070696F69006770696F40353830323163A4
:10C990003030006770696F68006770696F403538C4
:10C9A000303231383030006770696F670067706906
:10C9B0006F403538303231343030006770696F661F
:10C9C000006770696F403538303231303030006781
:10C9D00070696F65006770696F4035383032306359
:10C9E0003030006770696F64006770696F40353878
:10C9F000303230383030006770696F6300677069BB
:10CA00006F403538303230343030006770696F62D3
:10CA1000006770696F403538303230303030006731
:10CA200070696F6100464C415348005352414D00BC
:10CA300053595354454D006D656D6F7279403930CF
:10CA4000303030303030006D656D6F727940373086
:10CA5000303030303030006B65726E656C004B6585
:10CA6000726E656C20636F6D6D616E6473006379C7
:10CA7000636C65733A202575206877206379636C51
:10CA800065730A006379636C6573004B65726E654C
:10CA90006C206379636C65732E00556E61626C6502
:10CAA00020746F20706172736520696E70757420D8
:10CAB00028657272202564290A00736C6565700010
:10CAC0006D7300557074696D653A20256C6C752026
:10CAD0006D730A002D70002D2D70726574747900CD
:10CAE000556E737570706F72746564206F707469C1
:10CAF0006F6E3A2025730A00757074696D653A206F
:10CB0000256C6C7520646179732C20256C6C752004
:10CB1000686F7572732C20256C6C75206D696E754D
:10CB20007465732C20256C6C75207365636F6E645F
:10CB3000732C20256C6C75206D696C6C6973656352
:10CB40006F6E64730A00757074696D65004B657271
:10CB50006E656C20757074696D652E2043616E2062
:10CB600062652063616C6C65642077697468207409
:10CB70006865202D70206F72202D2D707265747481
:10CB800079206F7074696F6E7300342E342E30000C
:10CB90005A65706879722076657273696F6E2025A8
:10CBA000730A0076657273696F6E004B65726E650D
:10CBB0006C2076657273696F6E2E007468726561A1
:10CBC00064004B65726E656C207468726561647395
:10CBD0002E005363686564756C65723A2025752074
:10CBE00073696E6365206C6173742063616C6C0A99
:10CBF00000546872656164733A0A004E41002573FF
:10CC0000257020252D3130730A00096F7074696F0B
:10CC10006E733A20307825782C207072696F7269B3
:10CC200074793A2025642074696D656F75743A20B3
:10CC3000256C6C640A000973746174653A2025736D
:10CC40002C20656E7472793A2025700A00556E6149
:10CC5000626C6520746F2064657465726D696E65C1
:10CC600020756E7573656420737461636B207369DE
:10CC70007A6520282564290A0A0009737461636BA8
:10CC80002073697A6520257A752C20756E75736519
:10CC90006420257A752C20757361676520257A7567
:10CCA000202F20257A7520282575202525290A0A78
:10CCB000006C697374004C697374206B65726E65E7
:10CCC0006C20746872656164732E00574553545F1D
:10CCD000544F504449522F7A65706879722F73759A
:10CCE000627379732F7368656C6C2F6D6F64756CEC
:10CCF00065732F6B65726E656C5F736572766963C1
:10CD0000652F7468726561642F737461636B732E31
:10CD1000630025702049525120253032642025734C
:10CD2000287265616C2073697A652025347A7529CB
:10CD30003A09756E757365642025347A75097573C3
:10CD40006167652025347A75202F2025347A752077
:10CD50002825327A75202525290A00257020252DC1
:10CD600033327320287265616C2073697A652025DF
:10CD7000347A75293A09756E757365642025347A9D
:10CD8000750975736167652025347A75202F202514
:10CD9000347A752028253275202525290A007374D8
:10CDA00061636B73004C69737420746872656164AD
:10CDB0007320737461636B2075736167652E005413
:10CDC0006872656164204944202570206973206E73
:10CDD0006F742076616C69640A004572726F723AF2
:10CDE0005368656C6C207468726561642063616E61
:10CDF0006E6F742062652073757370656E64656410
:10CE00000A00546872656164202570207375737020
:10CE1000656E6465640A0073757370656E64006B9B
:10CE200065726E656C2074687265616420737573D9
:10CE300070656E64203C7468726561645F69643E0D
:10CE4000004572726F723A5368656C6C2074687238
:10CE50006561642063616E6E6F7420626520726527
:10CE600073756D65640A005468726561642025708D
:10CE700020726573756D65640A00726573756D6502
:10CE8000006B65726E656C207468726561642072F7
:10CE90006573756D65203C7468726561645F696473
:10CEA0003E004572726F723A5368656C6C2074680C
:10CEB000726561642063616E6E6F74206265206BC1
:10CEC000696C6C65640A000A2054687265616420AC
:10CED0002570206B696C6C65640A006B696C6C0072
:10CEE0006B65726E656C20746872656164206B6935
:10CEF0006C6C203C7468726561645F69643E0044D8
:10CF0000657669636520756E6B6E6F776E20282578
:10CF100073290A0044657669636520257320697367
:10CF200020616C726561647920696E697469616CF5
:10CF3000697A65640A004465766963652025732013
:10CF4000696E697469616C697A6174696F6E206673
:10CF500061696C65642077697468206572723D252B
:10CF6000640A0044657669636520257320696E69EB
:10CF70007469616C697A6564207375636365737342
:10CF800066756C6C790A0052454144590044495316
:10CF900041424C454400646576696365733A0A0012
:10CFA0005B25705D002D2025730020204454206EE9
:10CFB0006F6465206C6162656C733A0044657669E4
:10CFC000636520636F6D6D616E647300696E697473
:10CFD000004D616E75616C6C7920696E6974696170
:10CFE0006C697A65206120646576696365004C69C7
:10CFF000737420636F6E666967757265642064651B
:10D0000076696365732C207769746820616E206F80
:10D010007074696F6E616C2066696C746572005B18
:10D020003C6465766963652066696C7465723E5D13
:10D0300000496E76616C696420686F75720A0049F8
:10D040006E76616C6964206D696E7574650A00495D
:10D050006E76616C6964207365636F6E640A004963
:10D060006E76616C6964206D6F6E74680A00496E3B
:10D0700076616C6964206461790A004661696C6557
:10D080006420746F2063616C63756C6174652073D8
:10D0900065636F6E64732073696E63652045706F9E
:10D0A00063680A00436F756C64206E6F742073654B
:10D0B0007420646174652025640A0025642D253080
:10D0C00032752D2530327520253032753A253032B3
:10D0D000753A25303275205554430A0064617465F1
:10D0E000004461746520636F6D6D616E6473005BF5
:10D0F000592D6D2D645D203C483A4D3A533E0067F2
:10D100006574005B6E6F6E655D005573696E6720B8
:10D11000646174612077696474682025640A004939
:10D120006E636F72726563742064617461207769E5
:10D130006474680A00526561642076616C756520CC
:10D140003078256C6C780A0057726974696E6720B4
:10D1500076616C7565203078256C6C780A00696E94
:10D1600076616C6964206164647220272573270AE4
:10D1700000696E76616C69642073697A6520272581
:10D1800073270A00696E76616C696420776964743C
:10D190006820272573270A00613A733A773A0027F7
:10D1A0002D61203C616464726573733E272069734E
:10D1B000206D616E6461746F72790A00272D73208F
:10D1C0003C73697A653E27206973206D616E6461E6
:10D1D000746F72790A00496E636F727265637420AE
:10D1E000646174612077696474683A2025750A0067
:10D1F0006465766D656D206C6F6164207375707009
:10D200006F7274732073657474696E6720627970CD
:10D21000617373206F6E20612073696E676C652087
:10D22000696E7374616E63652E0A004C6F61646988
:10D230006E672E2E2E0A7072657373206374726C83
:10D240002D78206374726C2D7120746F2065736368
:10D250006170650A004E756D626572206F662062AE
:10D260007974657320726561643A2025640A002D23
:10D270002D002D6500556E6B6E6F776E206F70748C
:10D28000696F6E20222573220A006465766D656DD4
:10D2900000526561642F77726974652070687973D4
:10D2A0006963616C206D656D6F72790A5573616792
:10D2B000653A0A52656164206D656D6F727920610F
:10D2C0007420616464726573732077697468206F79
:10D2D0007074696F6E616C2077696474683A0A646F
:10D2E00065766D656D203C616464726573733E2084
:10D2F0005B3C77696474683E5D0A577269746520A7
:10D300006D656D6F727920617420616464726573FC
:10D31000732077697468206D616E6461746F7279CF
:10D3200020776964746820616E642076616C75652D
:10D330003A0A6465766D656D203C6164647265735C
:10D34000733E203C77696474683E203C76616C755E
:10D35000653E0064756D700055736167653A0A64D7
:10D3600065766D656D2064756D70202D61203C6162
:10D370006464726573733E202D73203C73697A6513
:10D380003E205B2D77203C77696474683E5D0A001F
:10D390006C6F61640055736167653A0A6465766D08
:10D3A000656D206C6F6164205B6F7074696F6E7364
:10D3B0005D205B616464726573735D0A4F707469AC
:10D3C0006F6E733A0A2D65096C6974746C652D650E
:10D3D0006E6469616E2070617273650057455354C5
:10D3E0005F544F504449522F7A65706879722F7399
:10D3F00075627379732F7368656C6C2F6261636BF0
:10D40000656E64732F7368656C6C5F756172742EE2
:10D410006300756172743A7E2420007368656C6CD9
:10D420005F7561727400537562636F6D6D616E64D8
:10D43000733A0A00574553545F544F504449522F92
:10D440007A65706879722F7375627379732F736858
:10D45000656C6C2F7368656C6C2E63007368007369
:10D46000682D3E6374782026262073682D3E6966F9
:10D47000616365006E6F74207465726D696E6174AE
:10D4800065643A2025630A00506C656173652073FA
:10D49000706563696679206120737562636F6D6D75
:10D4A000616E642E0A004572726F723A2072657165
:10D4B000756573746564206D756C7469706C652036
:10D4C00066756E6374696F6E2065786563757469DF
:10D4D0006F6E730A003A20636F6D6D616E64206E2B
:10D4E0006F7420666F756E6400546F6F206D616E8F
:10D4F0007920617267756D656E747320696E207432
:10D50000686520636F6D6D616E642E0A0025733A45
:10D510002077726F6E6720706172616D65746572DD
:10D5200020636F756E740A005741524E494E473A58
:10D530002041207072696E74207265717565737414
:10D5400020776173206465746563746564206F6E11
:10D55000206E6F7420616374697665207368656CF2
:10D560006C206261636B656E642E0A006D6174638A
:10D570006820213D202828766F6964202A293029D7
:10D5800000636F6C756D6E7320213D2030000A259D
:10D59000732573006D617463680073682D3E637456
:10D5A000780073682D3E6374782026262073682DDA
:10D5B0003E69666163652026262073682D3E64659A
:10D5C0006661756C745F70726F6D70740009546879
:10D5D0007265616420636F6E746578742072657122
:10D5E00075697265642E0A007A5F666C61675F63B5
:10D5F0006D645F6374785F67657428736829207C45
:10D600007C20286B5F63757272656E745F676574EA
:10D61000282920213D2073682D3E6374782D3E74A7
:10D620006964290073682D3E667072696E74665F66
:10D6300063747800666D7400506C6561736520706A
:10D640007265737320746865203C5461623E206289
:10D650007574746F6E20746F2073656520616C6CD7
:10D6600020617661696C61626C6520636F6D6D61CC
:10D670006E64732E0A00596F752063616E20616CB1
:10D68000736F2075736520746865203C5461623E39
:10D6900020627574746F6E20746F2070726F6D707D
:10D6A00074206F72206175746F2D636F6D706C657F
:10D6B000746520616C6C20636F6D6D616E647320A6
:10D6C0006F722069747320737562636F6D6D616E24
:10D6D00064732E0A00596F752063616E207472792D
:10D6E00020746F2063616C6C20636F6D6D616E647C
:10D6F000732077697468203C2D683E206F72203C4F
:10D700002D2D68656C703E20706172616D65746569
:10D710007220666F72206D6F726520696E666F721F
:10D720006D6174696F6E2E0A000A5368656C6C2017
:10D73000737570706F72747320666F6C6C6F77693D
:10D740006E67206D6574612D6B6579733A0A2020D0
:10D750004374726C202B202861206B6579206672DF
:10D760006F6D3A206162636465666B6C6E70747590
:10D7700077290A2020416C7420202B202861206BFF
:10D7800065792066726F6D3A206266290A506C6571
:10D7900061736520726566657220746F20736865B9
:10D7A0006C6C20646F63756D656E746174696F6E07
:10D7B00020666F72206D6F72652064657461696C9C
:10D7C000732E0A000A417661696C61626C652063A0
:10D7D0006F6D6D616E64733A0A00253038583A20D7
:10D7E00000253032782000202020007C007C0A00B8
:10D7F0002873682D3E7368656C6C5F666C6167208A
:10D800003D3D205348454C4C5F464C41475F435299
:10D810004C465F44454641554C5429207C7C202889
:10D8200073682D3E7368656C6C5F666C6167203D44
:10D830003D205348454C4C5F464C41475F4F4C465A
:10D840005F43524C4629005072696E7473207468AD
:10D85000652068656C70206D6573736167652E0067
:10D86000574553545F544F504449522F7A6570685E
:10D8700079722F7375627379732F7368656C6C2F6F
:10D880007368656C6C5F7574696C732E6300646C8F
:10D890006F6320213D202828766F6964202A293073
:10D8A00029001B5B2564256300574553545F544F83
:10D8B000504449522F7A65706879722F737562737C
:10D8C00079732F7368656C6C2F7368656C6C5F6F10
:10D8D00070732E63007368202626206461746100D3
:10D8E0006C656E677468203E3D20746D705F636E7A
:10D8F00074001B5B313B3325646D001B5B3430339C
:10D9000025646D007A5F666C61675F73796E635F33
:10D910006D6F64655F67657428736829207C7C205F
:10D92000216B5F69735F696E5F69737228290055A7
:10D93000736167653A20257320002573252D2A73AE
:10D940000025733A20002D68002D2D68656C70004D
:10D950004C6F7374206C6F67733A20256C750A00E6
:10D960005B2533645D2025730A006F6666002075B1
:10D970006E6B6E6F776E20706172616D657465722B
:10D980003A200025733A257325730A004563686FB2
:10D99000207374617475733A2025730A00416374AF
:10D9A000697665207368656C6C206261636B656E77
:10D9B00064733A0A0020202532642E203A25732011
:10D9C000282573290A00574553545F544F50444942
:10D9D000522F7A65706879722F7375627379732F1D
:10D9E0007368656C6C2F7368656C6C5F636D6473D2
:10D9F0002E63006F626A203C3D205F7368656C6C2B
:10DA00005F6C6973745F656E640009756E6578702C
:10DA10006563746564206C69737420656E64206C42
:10DA20006F636174696F6E0A004E6F207265737068
:10DA30006F6E73652066726F6D2074686520746503
:10DA4000726D696E616C2C20617373756D656420F5
:10DA500038307832342073637265656E2073697A6A
:10DA6000650A0072657476616C005072696E74208C
:10DA700072657475726E2076616C7565206F6620B4
:10DA80006D6F737420726563656E7420636F6D6D66
:10DA9000616E6400726573697A6500436F6E736FBF
:10DAA0006C652067657473207465726D696E616C56
:10DAB0002073637265656E2073697A65206F7220CA
:10DAC000617373756D65732064656661756C742030
:10DAD000696E206361736520746865207265616496
:10DAE0006F7574206661696C732E204974206D75A2
:10DAF0007374206265206578656375746564206160
:10DB0000667465722065616368207465726D696E04
:10DB1000616C207769647468206368616E67652052
:10DB2000746F20656E7375726520636F72726563C2
:10DB300074207465787420646973706C61792E0048
:10DB4000686973746F727900436F6D6D616E6420E4
:10DB5000686973746F72792E007368656C6C005518
:10DB6000736566756C2C206E6F7420556E69782D08
:10DB70006C696B65207368656C6C20636F6D6D619B
:10DB80006E64732E00636C65617200436C65617234
:10DB90002073637265656E2E0072656D0049676E55
:10DBA0006F7265206C696E657320626567696E6E61
:10DBB000696E672077697468202772656D20270079
:10DBC00064656661756C7400417373756D652038AA
:10DBD000302063686172732073637265656E2077AD
:10DBE0006964746820616E642073656E6420746873
:10DBF00069732073657474696E6720746F2074682C
:10DC000065207465726D696E616C2E006261636B74
:10DC1000656E6473004C6973742061637469766522
:10DC2000207368656C6C206261636B656E64732E33
:10DC30000A006261636B73706163655F6D6F646539
:10DC400000546F67676C65206261636B737061631A
:10DC500065206B6579206D6F64652E0A536F6D6565
:10DC6000207465726D696E616C7320617265206EDF
:10DC70006F742073656E64696E672073657061727E
:10DC80006174652065736361706520636F646520EE
:10DC9000666F72206261636B737061636520616E91
:10DCA000642064656C65746520627574746F6E2E93
:10DCB000205468697320636F6D6D616E6420666FB8
:10DCC00072636573207368656C6C20746F20696E75
:10DCD000746572707265742064656C657465206B20
:10DCE0006579206173206261636B73706163652E77
:10DCF00000636F6C6F727300546F67676C652063AD
:10DD00006F6C6F7265642073796E7461782E007623
:10DD10007431303000546F67676C65207674313031
:10DD20003020636F6D6D616E64732E00546F676792
:10DD30006C652070726F6D70742E006563686F0083
:10DD4000546F67676C65207368656C6C20656368E9
:10DD50006F2E007374617473005368656C6C20736C
:10DD60007461746973746963732E006261636B73A9
:10DD700070616365005365742064696666657265E9
:10DD80006E742065736361706520636F64652066DF
:10DD90006F72206261636B737061636520616E6492
:10DDA0002064656C657465206B65792E0064656C14
:10DDB00065746500536574207468652073616D65D2
:10DDC0002065736361706520636F646520666F72A0
:10DDD000206261636B737061636520616E642064AF
:10DDE000656C657465206B65792E0072657365746A
:10DDF000005265736574207368656C6C2073746180
:10DE00007469737469637320666F72207468652027
:10DE10004C6F67676572206D6F64756C652E00735B
:10DE2000686F7700476574207368656C6C20737445
:10DE3000617469737469637320666F7220746865B6
:10DE4000204C6F67676572206D6F64756C652E007E
:10DE500044697361626C65207368656C6C206563EE
:10DE6000686F2E2045646974696E67206B657973ED
:10DE700020616E64206D6574612D6B65797320611E
:10DE80007265206E6F742068616E646C6564004515
:10DE90006E61626C65207368656C6C206563686F89
:10DEA0002E0044697361626C652070726F6D7074CE
:10DEB0002E00456E61626C652070726F6D70742EFD
:10DEC0000044697361626C65207674313030206380
:10DED0006F6D6D616E64732E00456E61626C6520BE
:10DEE000767431303020636F6D6D616E64732E0017
:10DEF00044697361626C6520636F6C6F7265642046
:10DF000073796E7461782E00456E61626C65206372
:10DF10006F6C6F7265642073796E7461782E004344
:10DF20006F6D6D616E6420627566666572206973DF
:10DF300020746F6F2073686F727420746F2065781F
:10DF400070616E6420616C6C20636F6D6D616E64D6
:10DF500073206D61746368696E672077696C6463B0
:10DF6000617264207061747465726E3A2025730A60
:10DF70000072302F61313A202030782530387820F7
:10DF80002072312F61323A202030782530387820C5
:10DF90002072322F61333A20203078253038780AC9
:10DFA0000072332F61343A202030782530387820C1
:10DFB0007231322F69703A2020307825303878203D
:10DFC0007231342F6C723A20203078253038780A3C
:10DFD0000020787073723A20203078253038780A23
:10DFE000004661756C74696E6720696E7374727532
:10DFF0006374696F6E206164647265737320287244
:10E0000031352F7063293A203078253038780A006E
:10E01000556E68616E646C6564204952516E3A2099
:10E0200025640A002A2A2A2A2A204D5055204641D2
:10E03000554C54202A2A2A2A2A0A00202053746187
:10E04000636B696E67206572726F722028636F6EF2
:10E05000746578742061726561206D6967687420E9
:10E060006265206E6F742076616C6964290A0020F5
:10E0700020556E737461636B696E67206572726F91
:10E08000720A0020204461746120416363657373E8
:10E090002056696F6C6174696F6E0A0020204D4DC7
:10E0A00046415220416464726573733A203078258A
:10E0B000780A002020496E737472756374696F6EFC
:10E0C000204163636573732056696F6C6174696F77
:10E0D0006E0A002020466C6F6174696E672D706F48
:10E0E000696E74206C617A79207374617465207034
:10E0F0007265736572766174696F6E206572726F96
:10E10000720A00574553545F544F504449522F7A76
:10E1100065706879722F617263682F61726D2F6309
:10E120006F72652F636F727465785F6D2F666175AE
:10E130006C742E6300212828285343425F54797061
:10E1400065202A2920282830784530303045303065
:10E1500030554C29202B20307830443030554C2914
:10E1600020292D3E434653522026202831554C204D
:10E170003C3C20283055202B2034552929290009E2
:10E18000537461636B696E67206572726F72206E83
:10E190006F74206120737461636B206661696C0A1F
:10E1A0000A002A2A2A2A2A20555341474520464157
:10E1B000554C54202A2A2A2A2A0A0020204469760B
:10E1C0006973696F6E206279207A65726F0A002028
:10E1D00020556E616C69676E6564206D656D6F7248
:10E1E00079206163636573730A0020204E6F20639A
:10E1F0006F70726F636573736F7220696E73747280
:10E20000756374696F6E730A002020496C6C6567D2
:10E21000616C206C6F6164206F66204558435F52CB
:10E22000455455524E20696E746F2050430A0020A9
:10E2300020496C6C6567616C20757365206F662082
:10E2400074686520455053520A002020417474655B
:10E250006D707420746F20657865637574652075C2
:10E260006E646566696E656420696E737472756349
:10E2700074696F6E0A002A2A2A2A2A2042555320DE
:10E280004641554C54202A2A2A2A2A0A0020205383
:10E290007461636B696E67206572726F720A002029
:10E2A00020507265636973652064617461206275D2
:10E2B00073206572726F720A00202042464152201C
:10E2C000416464726573733A20307825780A0020BF
:10E2D00020496D70726563697365206461746120A3
:10E2E000627573206572726F720A002020496E7326
:10E2F0007472756374696F6E2062757320657272D3
:10E300006F720A00526573657276656420457863A2
:10E31000657074696F6E20280053707572696F752F
:10E320007320696E74657272757074202849525139
:10E330002000535053454C20696E2074687265610B
:10E3400064206D6F646520646F6573206E6F742048
:10E35000696E646963617465205053500A00657387
:10E360006620213D202828766F6964202A293029DB
:10E37000000945534620636F756C64206E6F7420EE
:10E380006265207265747269657665642073756371
:10E390006365737366756C6C792E205368616C6C61
:10E3A000206E65766572206F636375722E0A002A8F
:10E3B0002A2A2A2A2048415244204641554C5420BA
:10E3C0002A2A2A2A2A0A00202042757320666175AB
:10E3D0006C74206F6E20766563746F722074616256
:10E3E0006C6520726561640A00202044656275676F
:10E3F000206576656E740A0020204661756C742075
:10E40000657363616C6174696F6E20287365652044
:10E4100062656C6F77290A00415243485F45584353
:10E42000455054207769746820726561736F6E205F
:10E4300025780A0A00094661756C7420657363616A
:10E440006C6174696F6E20776974686F75742046AB
:10E45000535220696E666F0A000948617264466112
:10E46000756C7420776974686F75742048465352D0
:10E4700020696E666F205368616C6C206E657665EE
:10E4800072206F636375720A002A2A2A2A2A20449E
:10E4900065627567206D6F6E69746F722065786351
:10E4A000657074696F6E202A2A2A2A2A0A002A2A8D
:10E4B0002A2A2A20257320256429202A2A2A2A2A62
:10E4C0000A00574553545F544F504449522F7A65C0
:10E4D000706879722F617263682F61726D2F636F3C
:10E4E00072652F636F727465785F6D2F6972715FEB
:10E4F0006D616E6167652E63007072696F203C3DCF
:10E5000020282831554C203C3C2028342929202D16
:10E510002031290009696E76616C69642070726926
:10E520006F7269747920256420666F7220256420DB
:10E53000697271212076616C756573206D757374D5
:10E54000206265206C657373207468616E20256C91
:10E55000750A0A00574553545F544F504449522F8F
:10E560007A65706879722F617263682F61726D2F9E
:10E57000636F72652F6D70752F61726D5F6D707551
:10E580002E630009436F6E6669677572696E672056
:10E59000257520737461746963204D505520726530
:10E5A00067696F6E73206661696C65640A0A0009A9
:10E5B000436F6E6669677572696E672025752064A2
:10E5C000796E616D6963204D505520726567696F82
:10E5D0006E73206661696C65640A0A000952657190
:10E5E0007565737420746F20636F6E6669677572EA
:10E5F000653A20257520726567696F6E73202873F0
:10E600007570706F727465643A202575290A0A0066
:10E610002128726567696F6E5B6964785D2E64742A
:10E620005F617474722026202831554C203C3C20B8
:10E630002830292929000952414D5F4E4F4341435B
:10E64000484520776974682044545F4D454D5F43C9
:10E650004143484541424C4520617474726962757A
:10E6600074650A0A00094661696C656420746F204C
:10E67000616C6C6F63617465204D505520726567E5
:10E68000696F6E732066726F6D2044540A0A0069C8
:10E690006E746572727570742D636F6E74726F6CC8
:10E6A0006C65724035383030303030300065787409
:10E6B0006900574553545F544F504449522F7A656F
:10E6C000706879722F647269766572732F696E74DF
:10E6D0006572727570745F636F6E74726F6C6C6567
:10E6E000722F696E74635F6770696F5F73746D33E7
:10E6F000322E63002828286C696E652920213D2070
:10E70000305529202626202828286C696E65292066
:10E71000262028286C696E6529202D20315529294D
:10E72000203D3D20305529290009496E76616C69EC
:10E73000642F636F72727570746564204C4C5F4512
:10E740005854495F4C494E455F6E2076616C756543
:10E750000A0028286C696E6529203C2031203F2062
:10E760002D31203A202873697A656F66285F5F74BF
:10E770007970656F665F5F286C696E652929203E38
:10E780002034203F20283634202D205F5F627569B9
:10E790006C74696E5F636C7A6C6C286C696E652949
:10E7A000202D203129203A20283332202D205F5F70
:10E7B0006275696C74696E5F636C7A286C696E65EA
:10E7C00029202D2031292929203C20313600697249
:10E7D000716E756D20213D203078464600574553B7
:10E7E000545F544F504449522F7A65706879722FA4
:10E7F000647269766572732F636C6F636B5F636FAE
:10E800006E74726F6C2F636C6F636B5F73746D33B8
:10E81000325F6C6C5F68372E630009556E657870E7
:10E8200065637465642073746172747570206672B8
:10E8300065710A00726363403538303234343030E9
:10E840000072636300574553545F544F504449521C
:10E850002F7A65706879722F696E636C7564652FA5
:10E860007A65706879722F647269766572732F6742
:10E8700070696F2F6770696F5F7574696C732E684C
:10E880000063616C6C6261636B00094E6F206361B1
:10E890006C6C6261636B210A0063616C6C62616322
:10E8A0006B2D3E68616E646C657200094E6F20636B
:10E8B000616C6C6261636B2068616E646C6572216F
:10E8C0000A0063622D3E68616E646C657200726559
:10E8D0007365742D636F6E74726F6C6C6572007209
:10E8E00063746C00574553545F544F504449522F42
:10E8F0007A65706879722F647269766572732F73A6
:10E90000657269616C2F756172745F73746D3332F7
:10E910002E630073746D33325F7265675F72656179
:10E9200064282675736172742D3E42525229203E2E
:10E930003D2031360009426175645261746552654B
:10E9400067203E3D2031360A0073657269616C4074
:10E9500034303031313030300075736172743100D1
:10E96000574553545F544F504449522F7A6570684D
:10E9700079722F6B65726E656C2F6465766963655D
:10E980002E63007263203E3D202D28307866662974
:10E99000202626207263203C2030000964657669B9
:10E9A000636520257320696E69743A20696E76610B
:10E9B0006C6964206572726F7220282564290A00D0
:10E9C000574553545F544F504449522F7A657068ED
:10E9D00079722F6B65726E656C2F666174616C2E37
:10E9E0006300726561736F6E20213D204B5F45525D
:10E9F000525F4B45524E454C5F50414E49430009D2
:10EA0000417474656D7074656420746F2072656301
:10EA10006F7665722066726F6D2061206B65726E15
:10EA2000656C2070616E696320636F6E64697469E0
:10EA30006F6E0A00574553545F544F504449522F4C
:10EA40007A65706879722F6B65726E656C2F696E6E
:10EA500069742E63007468726561645F64617461D7
:10EA6000203C3D205F5F7374617469635F746872FA
:10EA70006561645F646174615F6C6973745F656E26
:10EA8000640069646C6500646576203C3D205F64C9
:10EA900065766963655F6C6973745F656E64006D4C
:10EAA00061696E00574553545F544F504449522F8B
:10EAB0007A65706879722F6B65726E656C2F6B6802
:10EAC0006561702E630021617263685F69735F69BD
:10EAD0006E5F6973722829207C7C20282874696DF8
:10EAE000656F7574292E7469636B73203D3D202812
:10EAF00028286B5F74696D656F75745F74297B304E
:10EB00007D29292E7469636B732900090A006865E1
:10EB10006170203C3D205F6B5F686561705F6C6970
:10EB200073745F656E6400574553545F544F50448F
:10EB300049522F7A65706879722F6B65726E656CB9
:10EB40002F69646C652E63005F6B65726E656C2E59
:10EB5000637075735B305D2E63757272656E742DB4
:10EB60003E626173652E7072696F203E3D203000F9
:10EB7000574553545F544F504449522F7A6570683B
:10EB800079722F6B65726E656C2F696E636C75643C
:10EB9000652F6B73636865642E68007468726561C5
:10EBA000642D3E626173652E70656E6465645F6F8F
:10EBB0006E0021617263685F6972715F756E6C6F60
:10EBC000636B6564286B65792900574553545F541E
:10EBD0004F504449522F7A65706879722F6B657275
:10EBE0006E656C2F73656D2E6300282861726368F3
:10EBF0005F69735F696E5F6973722829203D3D20EC
:10EC00003029207C7C20282874696D656F757429F3
:10EC10002E7469636B73203D3D202828286B5F7438
:10EC2000696D656F75745F74297B307D29292E7439
:10EC300069636B732929002B00574553545F544F68
:10EC4000504449522F7A65706879722F6B65726EE5
:10EC5000656C2F7468726561642E6300282828280B
:10EC60007072696F2929203D3D20313520262620EC
:10EC70007A5F69735F69646C655F7468726561640B
:10EC80005F656E7472792828656E747279292929F6
:10EC9000207C7C202828283135202D203129203E39
:10ECA0003D2028282D3136292929202626202828CC
:10ECB0007072696F2929203E3D2028282D31362980
:10ECC000292026262028287072696F2929203C3D9A
:10ECD00020283135202D20312929290009696E7617
:10ECE000616C6964207072696F726974792028257B
:10ECF00064293B20616C6C6F7765642072616E677C
:10ED0000653A20256420746F2025640A0021617211
:10ED100063685F69735F696E5F69737228290009B0
:10ED200054687265616473206D6179206E6F742020
:10ED30006265206372656174656420696E20495361
:10ED400052730A0064756D6D7900736C6565706946
:10ED50006E6700646561640073757370656E6465E9
:10ED6000640061626F7274696E67007375737065B9
:10ED70006E64696E6700717565756564005745530B
:10ED8000545F544F504449522F7A65706879722FFE
:10ED90006B65726E656C2F73636865642E6300210A
:10EDA0007A5F69735F69646C655F746872656164DA
:10EDB0005F6F626A656374287468726561642900B4
:10EDC000574553545F544F504449522F7A657068E9
:10EDD00079722F6B65726E656C2F696E636C7564EA
:10EDE000652F6B7468726561642E68005F6B657275
:10EDF0006E656C2E637075735B305D2E6375727219
:10EE0000656E7420213D202828766F6964202A29A8
:10EE10003029002169735F7468726561645F64758D
:10EE20006D6D792874687265616429005745535483
:10EE30005F544F504449522F7A65706879722F6B36
:10EE400065726E656C2F696E636C7564652F6B738C
:10EE50007761702E6800617263685F6972715F75B7
:10EE60006E6C6F636B6564286B657929207C7C20F0
:10EE70005F6B65726E656C2E637075735B305D2EB3
:10EE800063757272656E742D3E626173652E74686F
:10EE9000726561645F737461746520262028282878
:10EEA00031554C203C3C202830292929207C202821
:10EEB0002831554C203C3C20283329292929000998
:10EEC000436F6E7465787420737769746368696ED4
:10EED00067207768696C6520686F6C64696E67206D
:10EEE0006C6F636B210A0073697A656F66285F73C4
:10EEF000636865645F7370696E6C6F636B29203D36
:10EF00003D2030207C7C206C6F636B20213D2026CF
:10EF10005F73636865645F7370696E6C6F636B00C9
:10EF20005F6B65726E656C2E637075735B305D2E02
:10EF300063757272656E742D3E626173652E7363C4
:10EF40006865645F6C6F636B656420213D2031559B
:10EF5000005F6B65726E656C2E637075735B305D00
:10EF60002E63757272656E742D3E626173652E73C9
:10EF7000636865645F6C6F636B656420213D20305E
:10EF80005500217465726D696E6174650009616276
:10EF90006F72746564205F63757272656E7420624F
:10EFA00061636B2066726F6D20646561640A002185
:10EFB000657373656E7469616C000961626F727468
:10EFC000656420657373656E7469616C2074687222
:10EFD0006561642025700A00574553545F544F50B3
:10EFE0004449522F7A65706879722F6B65726E652D
:10EFF0006C2F74696D65736C6963696E672E63004D
:10F00000282874696D656F757429202626202828A4
:10F0100075696E747074725F742928736C696365A6
:10F020005F74696D656F7574732929203C3D2028D4
:10F030002875696E747074725F74292874696D65BF
:10F040006F7574292920262620282875696E74700A
:10F0500074725F74292874696D656F75742929202D
:10F060003C20282875696E747074725F7429282694
:10F0700028736C6963655F74696D656F7574732956
:10F080005B282873697A655F7429282828696E745B
:10F090002973697A656F6628636861725B31202D18
:10F0A000202832202A202128215F5F6275696C7434
:10F0B000696E5F74797065735F636F6D7061746999
:10F0C000626C655F70285F5F747970656F665F5F03
:10F0D00028736C6963655F74696D656F75747329F6
:10F0E0002C205F5F747970656F665F5F28262873D8
:10F0F0006C6963655F74696D656F757473295B30E6
:10F100005D292929295D29202D203129202B20281E
:10F1100073697A656F6628736C6963655F74696D7E
:10F12000656F75747329202F2073697A656F66285F
:10F1300028736C6963655F74696D656F7574732995
:10F140005B305D292929295D2929202626202828A8
:10F150002875696E747074725F74292874696D659E
:10F160006F75742929202D20282875696E74707494
:10F17000725F742928736C6963655F74696D656F6C
:10F1800075747329292920252073697A656F66288B
:10F1900028736C6963655F74696D656F7574732935
:10F1A0005B305D29203D3D20302900574553545F99
:10F1B000544F504449522F7A65706879722F6B65AD
:10F1C000726E656C2F7468726561645F6D6F6E69D5
:10F1D000746F722E6300757365725F636220213DE8
:10F1E000202828766F6964202A2930290009757340
:10F1F00065725F63622063616E206E6F742062656A
:10F20000204E554C4C0A00574553545F544F5044C0
:10F2100049522F7A65706879722F6B65726E656CD2
:10F220002F74696D656F75742E6300217379735F38
:10F23000646E6F64655F69735F6C696E6B6564288B
:10F2400026746F2D3E6E6F64652900574553545FD9
:10F25000544F504449522F7A65706879722F6B650C
:10F26000726E656C2F6576656E74732E63002A2A44
:10F270002A20426F6F74696E67205A6570687972D0
:10F28000204F53206275696C642076342E342E3002
:10F29000202A2A2A0A00286E756C6C29002A666CBE
:10F2A0006F61742A00202D20002020001B5B366E29
:10F2B000000A060505040103010201010100010025
:10F2C0005997000801000000010000000000000044
:10F2D00000000000000000000DEB0008010000002D
:10F2E000010000000000000001000000D000002428
:10F2F000300000243000002400000000F8BD0008A9
:10F30000B00100240000000075A800080000000003
:10F310000000000060000024000000000000000069
:10F3200000C20100000103000090D003C8000000EB
:10F330007000002470000024FF00FF00FF00FF00A9
:10F34000FF00FF00FF00FF00FF00FF00FF00FF00C5
:08F35000FF00FF00FF00FF00B9
:10F3580000000000000000000000000000000000A5
:10F368000000000000000000000000000000000095
:10F3780000000000C021002434010000000000004B
:10F38800000000000000000000000000C01F002472
:10F398000002000000000000000000000000000063
:04F3A80015E015E077
:04000005080043C1EB
:00000001FF
